タイムスタンプ	商品名	商品URL	商品画像URL	価格	カテゴリ	商品について、それぞれの単語がどのぐらい当てはまるかどうか入力 [シンプル]	商品について、それぞれの単語がどのぐらい当てはまるかどうか入力 [かわいい]	商品について、それぞれの単語がどのぐらい当てはまるかどうか入力 [実用的・便利]	商品について、それぞれの単語がどのぐらい当てはまるかどうか入力 [かっこいい]	商品について、それぞれの単語がどのぐらい当てはまるかどうか入力 [小さい/大きい]	商品について、それぞれの単語がどのぐらい当てはまるかどうか入力 [ファビュラス]	商品について、それぞれの単語がどのぐらい当てはまるかどうか入力 [子供っぽい/大人っぽい]	商品について、それぞれの単語がどのぐらい当てはまるかどうか入力 [キラキラ]	商品について、それぞれの単語がどのぐらい当てはまるかどうか入力 [おもしろ]	商品について、それぞれの単語がどのぐらい当てはまるかどうか入力 [軽い/重い]	商品について、それぞれの単語がどのぐらい当てはまるかどうか入力 [和風]	商品について、それぞれの単語がどのぐらい当てはまるかどうか入力 [モダン/レトロ]	商品について、それぞれの単語がどのぐらい当てはまるかどうか入力 [流行りの]	商品について、それぞれの単語がどのぐらい当てはまるかどうか入力 [女性向け/男性向け]	商品について、それぞれの単語がどのぐらい当てはまるかどうか入力 [高級]	商品について、それぞれの単語がどのぐらい当てはまるかどうか入力 [デザイン重視]	商品について、それぞれの単語がどのぐらい当てはまるかどうか入力 [使い心地重視]	商品について、それぞれの単語がどのぐらい当てはまるかどうか入力 [ユニーク]	商品について、それぞれの単語がどのぐらい当てはまるかどうか入力 [手作り]
2024/03/16 18:24:16	スタイレム瀧定大阪(Stylem Takisada-Osaka) サクラクレパス クレパス タオル 3点 セット (ウォッシュ×1・ハンカチ×2) 綿100% ギフト プレゼント 出産祝い 内祝い 保育園 幼稚園 入園祝い かわいい リバーシブル CR1710	https://www.amazon.co.jp/%E3%82%B9%E3%82%BF%E3%82%A4%E3%83%AC%E3%83%A0%E7%80%A7%E5%AE%9A%E5%A4%A7%E9%98%AA-Stylem-Takisada-Osaka-%E3%82%A6%E3%82%A9%E3%83%83%E3%82%B7%E3%83%A5%C3%971%E3%83%BB%E3%83%8F%E3%83%B3%E3%82%AB%E3%83%81%C3%972-CR1710/dp/B01N4Q3FBJ/ref=sr_1_45?__mk_ja_JP=%E3%82%AB%E3%82%BF%E3%82%AB%E3%83%8A&crid=3DMRW5165EN2Q&dib=eyJ2IjoiMSJ9.rF6iEcpRxX-Ds4BqxO8mmyl1axiZy2ZNsC6zohBcWJvmtdk_LFcKV0TxDMzi8I-tK0lJ7TMBO1xMkF3Ru5-zewMPBY7P4MHehlgR5f44FWXiS1YuqK8xMwep9lrfmx6KUr_g-o_a3H6vEGl1krsV-pwgdO6-qSIX0MfZ_SunuET11wTsL3duWU8NQB0bymqtenP9Qt1OdJhQAml-axPxINudg-dVuWFh-2Bt2njsfq_ddc70DKnhj0J0763dNkGhrekPfwRRKfz94U7eInoH01jS5OtlIad0jkiUzvdVeXs.x3Hyy0eaXxB_GXUY5T0HrgNbaEAEjo2iK-Gcws88fJU&dib_tag=se&keywords=%E3%83%97%E3%83%AC%E3%82%BC%E3%83%B3%E3%83%88&qid=1710567434&sprefix=%E3%83%97%E3%83%AC%E3%82%BC%E3%83%B3%E3%83%88%2Caps%2C165&sr=8-45&th=1	https://m.media-amazon.com/images/I/810ABxYgtDL._AC_SY879_.jpg	1100	趣味・ライフスタイル雑貨	2	4	4	1	4	1	1	1	4	2	1	4	2	3	2	5	4	5	5
2024/03/16 18:42:54	ナイトライト ベッドサイドランプ アヒル LEDライト 授乳ライト タイマ設定 かわいい 調光 テーブルランプ 夜間ライト プレゼント 枕元 USB 充電 安全ABS+シリコン製 間接照明 電球色 出産祝い	https://www.amazon.co.jp/%E3%83%8A%E3%82%A4%E3%83%88%E3%83%A9%E3%82%A4%E3%83%88-%E3%83%99%E3%83%83%E3%83%89%E3%82%B5%E3%82%A4%E3%83%89%E3%83%A9%E3%83%B3%E3%83%97-FULLOSUN-LED%E3%83%A9%E3%82%A4%E3%83%88-%E3%83%86%E3%83%BC%E3%83%96%E3%83%AB%E3%83%A9%E3%83%B3%E3%83%97/dp/B08T6D2724/ref=pd_ci_mcx_mh_mcx_views_0?pd_rd_w=bfOPr&content-id=amzn1.sym.b7ff8ae3-d3eb-4b00-a35f-7c651f284b6c%3Aamzn1.symc.409c7fce-cbd2-4cf4-a6cb-824c258c8778&pf_rd_p=b7ff8ae3-d3eb-4b00-a35f-7c651f284b6c&pf_rd_r=FPNKJW77NYX01H9Y837M&pd_rd_wg=ApqQQ&pd_rd_r=0b9ee8c3-48bb-4ddf-8c89-0e0c7d6fe6fb&pd_rd_i=B08T6D2724	https://m.media-amazon.com/images/I/618WOhiPV0L.__AC_SY445_SX342_QL70_ML2_.jpg	2299	趣味・ライフスタイル雑貨	2	5	4	1	2	1	1	4	5	3	1	1	2	2	1	4	2	5	1
2024/03/16 18:45:57	ロクシタン(L'OCCITANE) シア モイスチャ―セット(ハンドクリーム シアバター ソープ) ギフト BOX入り ギフト 誕生日 人気 女性 男性 送別 プレゼント 母の日	https://www.amazon.co.jp/%E3%83%AD%E3%82%AF%E3%82%B7%E3%82%BF%E3%83%B3-LOCCITANE-%E3%83%A2%E3%82%A4%E3%82%B9%E3%83%81%E3%83%A3%E2%80%95%E3%82%AE%E3%83%95%E3%83%88%E3%82%BB%E3%83%83%E3%83%88-%E3%83%8F%E3%83%B3%E3%83%89%E3%82%AF%E3%83%AA%E3%83%BC%E3%83%A0%E3%80%81%E3%82%B7%E3%82%A2%E3%83%90%E3%82%BF%E3%83%BC%E3%80%81%E3%82%BD%E3%83%BC%E3%83%97-BOX%E5%85%A5%E3%82%8A/dp/B09MMKZTKX/ref=pd_ci_mcx_mh_mcx_ac_nb_1?pd_rd_w=30TrH&content-id=amzn1.sym.012468e6-cb83-4203-960b-c849285fe9b2&pf_rd_p=012468e6-cb83-4203-960b-c849285fe9b2&pf_rd_r=BY57M9HBDTYBG31AVCWV&pd_rd_wg=gbYLX&pd_rd_r=2096ee58-8e37-4fd6-b12b-0ac92f70085f&pd_rd_i=B09MMKZTKX	https://m.media-amazon.com/images/I/61qjP2IhNgL._AC_SX522_.jpg	4400	コスメ・ビューティー	2	3	5	1	1	1	4	1	1	1	1	3	4	2	4	2	4	2	1
2024/03/16 18:49:12	スターバックス プレミアム ミックス ギフト SBP-30A	https://www.amazon.co.jp/%E3%83%8D%E3%82%B9%E3%83%AC-%E3%82%B9%E3%82%BF%E3%83%BC%E3%83%90%E3%83%83%E3%82%AF%E3%82%B9-%E3%83%97%E3%83%AC%E3%83%9F%E3%82%A2%E3%83%A0-%E3%83%9F%E3%83%83%E3%82%AF%E3%82%B9-SBP-30A/dp/B0B8LQJYWT/ref=pd_rhf_dp_s_cbes_configrecs_cart_rhf_d_sccl_2_3/355-3697214-4072626?pd_rd_w=lHkgr&content-id=amzn1.sym.5b566f37-06b3-4d67-8ff2-c2b5abbff90a&pf_rd_p=5b566f37-06b3-4d67-8ff2-c2b5abbff90a&pf_rd_r=HTSYAHPP30GQECB6G3KA&pd_rd_wg=PvJfz&pd_rd_r=4f046e9a-20ff-4398-8b54-b4b1a28ac094&pd_rd_i=B0B8LQJYWT&th=1	https://m.media-amazon.com/images/I/71fTFbo6T7L._AC_SX522_.jpg	3300	食品・スイーツ	2	2	4	1	4	1	4	1	1	3	1	2	4	3	2	3	4	1	1
2024/03/16 18:54:04	Echo Pop (エコーポップ) - コンパクトスマートスピーカー with Alexa｜グレーシャーホワイト	https://www.amazon.co.jp/dp/B09ZX764ZL/ref=ods_gw_eg_d_h1_ha_chu_mzzkotuyztqt/?_encoding=UTF8&pd_rd_w=EMXJv&content-id=amzn1.sym.c0f6197a-964a-4c5b-a13e-3c383d7a2119&pf_rd_p=c0f6197a-964a-4c5b-a13e-3c383d7a2119&pf_rd_r=X7WXKKXY4FS8X506GQPS&pd_rd_wg=ryinV&pd_rd_r=51d6786d-ecff-4a8d-bc1f-f854fc2b07d9	https://m.media-amazon.com/images/I/61c66Am7zGL._AC_SX569_.jpg	5980	趣味・ライフスタイル雑貨	4	2	5	5	1	1	5	3	1	3	1	1	4	3	4	3	4	2	1
2024/03/16 18:59:53	トンボ(Tombow) 鉛筆 MONO PIT 文具セット5点 アッシュカラー セージ PCC-531BAZ	https://www.amazon.co.jp/%E3%83%88%E3%83%B3%E3%83%9C%E9%89%9B%E7%AD%86-MONO-%E6%96%87%E5%85%B7%E3%82%BB%E3%83%83%E3%83%885%E7%82%B9-%E3%82%A2%E3%83%83%E3%82%B7%E3%83%A5%E3%82%AB%E3%83%A9%E3%83%BC-PCC-531BAZ/dp/B0CBBWHL75/ref=sr_1_6?dib=eyJ2IjoiMSJ9._tTG5aJ95G4DBUxU1uXb3JW3ge1BZW1IA8G1VKYJnCAQYnDkmG5zP59sei_0s8F6QVpMzhFV3yvPJS6dJgSIGR2NBuwJ-Ocglrzpwtojmq0wr8z025ncNXbyN2WLFwC-0ehaDDoHZ1nQODwBB-K0P3A7gKhv7wkzWCiG-zkwjTmJC-xcZt9vKOoPzkrE5_xlNg1lg58v3xvZpCu6iEZV0-1m0W8eOBCLgYgs9CdqG2Q1ETpeItJ5LQlCzbmnSzsB14CwxQPmoMm4tR7IDOZtrt4rR0_Ky_GubtM9Sj52AXY.t_XvqjLdfZfMykAajAWbBy_JeTSwsB44kiABLe2oZqc&dib_tag=se&keywords=%E3%83%97%E3%83%AC%E3%82%BC%E3%83%B3%E3%83%88%2B%E6%96%87%E6%88%BF%E5%85%B7&qid=1710582906&sr=8-6&th=1	https://m.media-amazon.com/images/I/51lU+IBrJhL._AC_SX522_.jpg	968	趣味・ライフスタイル雑貨	4	4	5	4	1	1	3	1	1	1	1	1	4	3	1	4	4	1	1
2024/03/16 19:53:51	モバイルバッテリー 大容量 22800mAh【2024初登場 PD22.5W/20W急速充電 & PD3.0対応】 スマホ充電器 携帯 LEDライト付き コンパクト＆軽量 小型 3台同時充電 2Way蓄電 LCD電量残量表示 Type-C入/出力兼用 安全設計 回路保護 PSE機内持ち込み可能 旅行/出張/アウトドア/停電対策/防災 iPad/iPhone/Android各種充電対応 (ブラック)	https://www.amazon.co.jp/%E3%83%A2%E3%83%90%E3%82%A4%E3%83%AB%E3%83%90%E3%83%83%E3%83%86%E3%83%AA%E3%83%BC-22800mAh%E3%80%902024%E5%88%9D%E7%99%BB%E5%A0%B4-LCD%E9%9B%BB%E9%87%8F%E6%AE%8B%E9%87%8F%E8%A1%A8%E7%A4%BA-PSE%E6%A9%9F%E5%86%85%E6%8C%81%E3%81%A1%E8%BE%BC%E3%81%BF%E5%8F%AF%E8%83%BD-Android%E5%90%84%E7%A8%AE%E5%85%85%E9%9B%BB%E5%AF%BE%E5%BF%9C/dp/B0CPDZMVFS/ref=sr_1_1_sspa?__mk_ja_JP=%E3%82%AB%E3%82%BF%E3%82%AB%E3%83%8A&crid=3RXUKH12ILORZ&dib=eyJ2IjoiMSJ9.zzZupZmuE8fwZqqObj2iZ7-y3PRLq4BNEscTl0iYieyahKXbXsZ_h6SHqimG4aVVFG0pAFcfGk-5QYClRGlFiYVNOLzLSu5Gaw1Imybpk_g_dkv8Jq2bH1Yjr1shAxADwF69SJGMxo86fc9ZYOY8TbH1imvJSG8XKPh4qTWZXjmPBTk7lKIRhJbja1xLLXEnHX0tyw_IKM8cv5FzhmLgriBqY-TeqGIGqo8iAFhc55hyMQKTzXKVWd88_Yd9GtxtMq70xnTP59mVB7QllkMyB65uMu7Kv_GaFb_f_NXUFPA.-HV4Sc21NLQscfvrZqvm-Jv7ZtSFTECGBIU0oE7zumo&dib_tag=se&keywords=%E3%83%A2%E3%83%90%E3%82%A4%E3%83%AB%E3%83%90%E3%83%83%E3%83%86%E3%83%AA%E3%83%BC&qid=1710586103&sprefix=%E3%83%A2%E3%83%90%E3%82%A4%E3%83%AB%E3%83%90%E3%83%83%E3%83%86%E3%83%AA%2Caps%2C210&sr=8-1-spons&sp_csd=d2lkZ2V0TmFtZT1zcF9hdGY&psc=1	https://m.media-amazon.com/images/I/61GrFf2j4EL._AC_SX679_.jpg	2541	趣味・ライフスタイル雑貨	5	1	5	5	1	1	5	1	1	1	1	1	1	3	4	1	5	1	1
2024/03/16 19:55:43	rom&nd(ロムアンド) 【正規品】リキッドグリッターシャドウ(#01スターダスト) アイシャドウ 2g	https://www.amazon.co.jp/rom-%E3%83%AD%E3%83%A0%E3%82%A2%E3%83%B3%E3%83%89-%E3%80%90%E6%AD%A3%E8%A6%8F%E5%93%81%E3%80%91%E3%83%AA%E3%82%AD%E3%83%83%E3%83%89%E3%82%B0%E3%83%AA%E3%83%83%E3%82%BF%E3%83%BC%E3%82%B7%E3%83%A3%E3%83%89%E3%82%A6-01%E3%82%B9%E3%82%BF%E3%83%BC%E3%83%80%E3%82%B9%E3%83%88-%E3%82%A2%E3%82%A4%E3%82%B7%E3%83%A3%E3%83%89%E3%82%A6/dp/B086TB829S/ref=sr_1_5?__mk_ja_JP=%E3%82%AB%E3%82%BF%E3%82%AB%E3%83%8A&crid=1S2SL6W9DYE5A&dib=eyJ2IjoiMSJ9.FjTDDgGKGfr-YAfKl_Nt33S1TTtqGxKSzFD8TVPGdMZ0Mvqg-AKNjOous7dW4yMhztoJImddohGbyBN4VERIHHbWWfIg88jci3FWahOPU7ldF2BCyJZWwISnMmmx4nJtTzHJ1_SSDYfd2MMzmiamwszrX5cjKlSeq3piHvJfsEomMv8kg-2dafl8CW0EnZeZHxygdmrtEkRAcQmmppOITLGfiXNfOnI1VBu2VW57F19-B4b9ViqTLmtImxt4BlmwLQRohc8HcaB0y28gc7IglLQyZ4wqAL5-ugD9qTM0FGI.QxpBSlHEWEsnn8xo3ZllEY0uhtntprORT5JwzP15fM4&dib_tag=se&keywords=%E3%82%B0%E3%83%AA%E3%83%83%E3%82%BF%E3%83%BC&qid=1710586454&sprefix=%E3%82%B0%E3%83%AA%E3%83%83%E3%82%BF%E3%83%BC%2Caps%2C193&sr=8-5&th=1	https://m.media-amazon.com/images/I/51cvKWy0pYL._AC_SY879_.jpg	1100	コスメ・ビューティー	1	5	1	1	2	5	4	5	1	1	1	1	1	1	2	3	3	1	1
2024/03/16 19:58:03	ベルーナグルメ バレンタイン チョコ お菓子 ギフト チョコレート プレゼント モロゾフ マーガレージュ	https://www.amazon.co.jp/%E3%83%99%E3%83%AB%E3%83%BC%E3%83%8A%E3%82%B0%E3%83%AB%E3%83%A1-%E3%83%9B%E3%83%AF%E3%82%A4%E3%83%88%E3%83%87%E3%83%BC-%E3%83%81%E3%83%A7%E3%82%B3%E3%83%AC%E3%83%BC%E3%83%88-%E3%83%97%E3%83%AC%E3%82%BC%E3%83%B3%E3%83%88-%E3%83%9E%E3%83%BC%E3%82%AC%E3%83%AC%E3%83%BC%E3%82%B8%E3%83%A5/dp/B0CL99SMZJ/ref=sr_1_20_sspa?__mk_ja_JP=%E3%82%AB%E3%82%BF%E3%82%AB%E3%83%8A&crid=354D9IGRF4G7Q&dib=eyJ2IjoiMSJ9.G4k3RKM3r-hj9RHb09TGkNF4wurH1_B5aqlRw-Fd5jcrDRObV4EJV20lWCN8Y9U3GT3m5Su21Rghoe5w4pYI5ta3GYvONjX-QKZ6MM1Bve2mIoMFpK63BMWM6R0zOyF-qWkdjhLRF0UvxPDGB_o1-FFbNOnSiO4bN8PuQkpdQsMPCG5NendxCAvjvIkVg-XewIuKmUk-Jpr-o1UMqC8nvMGeoVLJpcnlOS5WKfEahzkKsRKGwR7CDH2h9wPftVs3wjD60rn2EQu17q71WuhKWUPRwBiYN9OYVjGsJ2BMDo8.6Kp8X5eeAz6xayvWa5hLL2NylIb5AN8gMR14yewv5To&dib_tag=se&keywords=%E3%81%8A%E8%8F%93%E5%AD%90+%E3%83%97%E3%83%AC%E3%82%BC%E3%83%B3%E3%83%88&qid=1710586606&sprefix=%E3%81%8A%E8%8F%93%E5%AD%90+%E3%83%97%E3%83%AC%E3%82%BC%E3%83%B3%E3%83%88%2Caps%2C176&sr=8-20-spons&sp_csd=d2lkZ2V0TmFtZT1zcF9tdGY&psc=1	https://m.media-amazon.com/images/I/71KjdluggrL._AC_SX679_.jpg	1290	食品・スイーツ	1	5	1	1	3	1	1	1	1	4	1	1	1	3	2	2	5	1	1
2024/03/16 19:59:40	POPUBAY ホットアイマスク USB 電熱式ヒーター 安眠目元美顔器 温冷両用アイマスク タイマー設定 温度調節 蒸気 遮光 軽量 旅行 かわいい快眠グッズ 父の日 恋人 母 誕生日プレゼント 日語説明書 ギフトケース包装 (グレー)	https://www.amazon.co.jp/POPUBAY-%E3%83%9B%E3%83%83%E3%83%88%E3%82%A2%E3%82%A4%E3%83%9E%E3%82%B9%E3%82%AF-%E6%B8%A9%E5%86%B7%E4%B8%A1%E7%94%A8%E3%82%A2%E3%82%A4%E3%83%9E%E3%82%B9%E3%82%AF-%E3%81%8B%E3%82%8F%E3%81%84%E3%81%84%E5%BF%AB%E7%9C%A0%E3%82%B0%E3%83%83%E3%82%BA-%E8%AA%95%E7%94%9F%E6%97%A5%E3%83%97%E3%83%AC%E3%82%BC%E3%83%B3%E3%83%88/dp/B09JK4K8MZ/ref=sr_1_8?__mk_ja_JP=%E3%82%AB%E3%82%BF%E3%82%AB%E3%83%8A&crid=2JYFQ6M8NSGLD&dib=eyJ2IjoiMSJ9.rF6iEcpRxX-Ds4BqxO8mmyl1axiZy2ZNsC6zohBcWJvmtdk_LFcKV0TxDMzi8I-tEmX1d7Wos2wy055p_DyVR5aY6MxASCvePICl3xGj41TiS1YuqK8xMwep9lrfmx6KUr_g-o_a3H6vEGl1krsV-pwgdO6-qSIX0MfZ_SunuET11wTsL3duWU8NQB0bymqtqj9h4SZjKwqVAmilPKvfFGA_tUt_s7nPxP70WL4mJ1nRaM3ZxWJH3T_9z5AhCs2i32K8ezGU6tPghOAzg95H2lBZ1FFo79XpuF7aloau1fM.HBilYS4QUg5WpDlSIuTbGs8SZsmaAu1RpZbeamsX9ac&dib_tag=se&keywords=%E3%83%97%E3%83%AC%E3%82%BC%E3%83%B3%E3%83%88&qid=1710586692&sprefix=%E3%83%97%E3%83%AC%E3%82%BC%E3%83%B3%E3%83%88%2Caps%2C235&sr=8-8	https://m.media-amazon.com/images/I/61brDB-9-VL._AC_SL1000_.jpg	2718	趣味・ライフスタイル雑貨	1	5	5	1	4	1	1	1	5	3	1	5	5	2	2	3	5	5	1
2024/03/16 23:07:43	[オカモト] 靴下サプリ まるでこたつソックス 632-995	https://www.amazon.co.jp/%E3%82%AA%E3%82%AB%E3%83%A2%E3%83%88-%E3%81%BE%E3%82%8B%E3%81%A7%E3%81%93%E3%81%9F%E3%81%A4%E3%82%BD%E3%83%83%E3%82%AF%E3%82%B9-632-995-%E3%83%AF%E3%82%A4%E3%83%B3%E3%83%AC%E3%83%83%E3%83%89-%E6%97%A5%E6%9C%AC%E3%82%B5%E3%82%A4%E3%82%BAM-L%E7%9B%B8%E5%BD%93/dp/B07Q6DW85T/ref=sr_1_15?__mk_ja_JP=%E3%82%AB%E3%82%BF%E3%82%AB%E3%83%8A&crid=2CLNMHFJHB18V&dib=eyJ2IjoiMSJ9.fK74j5LagktQfMc-V7EOennFHEMEGS-5CyyVyT28YpoS1r0lDZRKWG375Rlf0ftYLHyQkSw8z0ShT858ObJ0ikgnagD2EyWjtN84kwPOHHsMfzr8e-Oqfmzu1cYoBr5MWAWRZwmrlUut_Ue7UdNhU01kl8UUcbl2mw68V7yXMiEthOPI9VU815Tq7D1PzjjLcfAKCWutd0oY3gr1JFEEALmAbl2N9kzwFLPpjSpvHrm0aTC52UJriJW9FuHfXcYpFDUD1qH_vG6zm5T5tpWwkgYtn9wtdDzz_WebRGIu--Q.yKTWCLlK4vHOgesFKSK9FkIu-tOZEBL0BX2e2om-hVY&dib_tag=se&keywords=%E3%83%97%E3%83%AC%E3%82%BC%E3%83%B3%E3%83%88+%E5%A5%B3%E6%80%A7&qid=1710597984&sprefix=%E3%83%97%E3%83%AC%E3%82%BC%E3%83%B3%E3%83%88+%E9%AB%98%E7%B4%9A%2Caps%2C166&sr=8-15	https://m.media-amazon.com/images/I/51lDuBU5HKL._AC_SX569_.jpg	2897	趣味・ライフスタイル雑貨	5	2	5	1	3	1	3	1	1	2	1	3	4	3	2	1	5	2	1
2024/03/16 23:09:22	Wpc. 日傘 遮光切り継ぎtiny ラベンダー 折りたたみ傘 [遮光率100%・UVカット率100%・UPF50・遮熱・晴雨兼用] 親骨47cm 手開き 210g 軽量 レディース コンパクト 小さい スクエア 持ち運び カラバリ豊富 シンプル 無地 トレンド 切り継ぎ おしゃれ 可愛い 女性 通勤 通学 801-16423-102	https://www.amazon.co.jp/%E3%80%902023%E5%B9%B4%E3%80%91Wpc-%E9%81%AE%E5%85%89%E5%88%87%E3%82%8A%E7%B6%99%E3%81%8Etiny-%E3%83%A9%E3%83%99%E3%83%B3%E3%83%80%E3%83%BC-%E6%8A%98%E3%82%8A%E3%81%9F%E3%81%9F%E3%81%BF%E5%82%98-801-16423-102/dp/B0BQQP7H32/ref=sr_1_40?__mk_ja_JP=%E3%82%AB%E3%82%BF%E3%82%AB%E3%83%8A&crid=2CLNMHFJHB18V&dib=eyJ2IjoiMSJ9.fK74j5LagktQfMc-V7EOennFHEMEGS-5CyyVyT28YpoS1r0lDZRKWG375Rlf0ftYLHyQkSw8z0ShT858ObJ0ikgnagD2EyWjtN84kwPOHHsMfzr8e-Oqfmzu1cYoBr5MWAWRZwmrlUut_Ue7UdNhU01kl8UUcbl2mw68V7yXMiEthOPI9VU815Tq7D1PzjjLcfAKCWutd0oY3gr1JFEEALmAbl2N9kzwFLPpjSpvHrm0aTC52UJriJW9FuHfXcYpFDUD1qH_vG6zm5T5tpWwkgYtn9wtdDzz_WebRGIu--Q.yKTWCLlK4vHOgesFKSK9FkIu-tOZEBL0BX2e2om-hVY&dib_tag=se&keywords=%E3%83%97%E3%83%AC%E3%82%BC%E3%83%B3%E3%83%88+%E5%A5%B3%E6%80%A7&qid=1710597984&sprefix=%E3%83%97%E3%83%AC%E3%82%BC%E3%83%B3%E3%83%88+%E9%AB%98%E7%B4%9A%2Caps%2C166&sr=8-40	https://m.media-amazon.com/images/I/51hO4SAbyrL._AC_SX569_.jpg	2536	趣味・ライフスタイル雑貨	4	4	5	2	2	1	3	1	1	3	1	3	3	3	2	3	5	1	1
2024/03/16 23:10:43	ジルスチュアート リップバーム・ハンドクリーム セット 2個アソート	https://www.amazon.co.jp/%E5%85%A8%E5%9B%BD%E3%81%86%E3%81%BE%E3%81%84%E3%82%82%E3%82%93%E4%BE%BF-%E3%82%B8%E3%83%AB%E3%82%B9%E3%83%81%E3%83%A5%E3%82%A2%E3%83%BC%E3%83%88-%E3%83%AA%E3%83%83%E3%83%97%E3%83%90%E3%83%BC%E3%83%A0%E3%83%BB%E3%83%8F%E3%83%B3%E3%83%89%E3%82%AF%E3%83%AA%E3%83%BC%E3%83%A0-%E3%82%BB%E3%83%83%E3%83%88-%E7%AE%B1%E5%85%A5%E3%82%8A%E3%83%BB%E6%89%8B%E6%8F%90%E3%81%92%E8%A2%8B%E4%BB%98%E3%81%8D/dp/B079YD1WR7/ref=sr_1_17?crid=289EYBQAFJ42Y&dib=eyJ2IjoiMSJ9.3xut8tfSKpMUAshHmZVQ72WUKXOeXYTo8rAaH8EHjX1bPRlMRg6zRl_1Mr31hl8PKiowl1aGig7aeN_eqy-jwD3YQu3nsojyQM_soH-KZ6l7OGyrEOMeOAAN2GrUMDJLKKQ3-wDuxvwMOlGoJkShg_J4fClDn-WFS11PPsbZx1cLYiI4XiyzidG2gg6w0eLh_XU5g4OioGAgJ7FjJmoOCl31SMnYePgtycNRSSweGiKqaMZktD0KZ8MMKUzomLJC3Z0i6XleBjaKcvkHS3LFNLiodNq2NH6aV1BuTtH99E0.OBC7zosEmtOSclSSYde9opCC6pq06UMwJd-tevxOeZo&dib_tag=se&keywords=%E3%83%97%E3%83%AC%E3%82%BC%E3%83%B3%E3%83%88+%E5%A5%B3%E6%80%A7+%E4%BA%BA%E6%B0%97+20%E4%BB%A3+%E3%82%B3%E3%82%B9%E3%83%A1&qid=1710598181&sprefix=%E3%83%97%E3%83%AC%E3%82%BC%E3%83%B3%E3%83%88+%E5%A5%B3%E6%80%A7%2Caps%2C242&sr=8-17	https://m.media-amazon.com/images/I/61o1A9NWEZL._AC_SX569_.jpg	4050	コスメ・ビューティー	2	5	4	1	2	1	4	5	1	2	1	3	4	1	4	5	3	1	1
2024/03/16 23:12:17	ピエトロ 感謝の気持ちを贈る スープ ギフト 5食 箱入り【贈った人も貰った人も、あたたかい 】 スープギフト 常温保存 プチギフト プレゼント 母の日 女性 内祝い	https://www.amazon.co.jp/%E3%83%94%E3%82%A8%E3%83%88%E3%83%AD-%E3%81%82%E3%82%8A%E3%81%8C%E3%81%A8%E3%81%86%E3%81%AESOUP%E3%82%AE%E3%83%95%E3%83%88-%E3%80%90%E6%B0%97%E6%8C%81%E3%81%A1%E3%81%8C%E4%BC%9D%E3%82%8F%E3%82%8B-%E3%82%B9%E3%83%BC%E3%83%97%E3%82%AE%E3%83%95%E3%83%88-%E3%82%B3%E3%83%BC%E3%83%B3%E3%83%9D%E3%82%BF%E3%83%BC%E3%82%B8%E3%83%A5/dp/B0BM4CN6JQ/ref=sr_1_6?__mk_ja_JP=%E3%82%AB%E3%82%BF%E3%82%AB%E3%83%8A&crid=1OGKIBQ1J21KW&dib=eyJ2IjoiMSJ9.wybosKkuqQeNsZjh-nmV9-YAntTxCg0Bsfbqmsos6YzLwkNoftNAIzcy6z6xy225agsmD58epKxwfnf1QJr03cI_QAfB6m7JqSr5o-TAbFkmp41FOyFFacdKbfJT9toLIaiyCXWOKZuMdhMotiv55GjYpSDlBc_Re9WVxq0SKQhsGDh4YKI9TauZd05AZjr5TENLTryag7spMUCTImfAvOx9u7Dq0P0OvvmoVQSpDB66_T0juqYI37i3B7_vJrCYiCi1wkRh26JgHyAgsuyzjmc6OsZBzXkgk8K3KPoavo8.dGth7a6VSzuFDR5D5yObGy0sy4q6QACHfIexsE1nBLI&dib_tag=se&keywords=%E3%83%97%E3%83%AC%E3%82%BC%E3%83%B3%E3%83%88%2B%E9%A3%9F%E3%81%B9%E7%89%A9&qid=1710598268&sprefix=%E3%83%97%E3%83%AC%E3%82%BC%E3%83%B3%E3%83%88%2B%E9%A3%9F%E3%81%B9%E7%89%A9%2Caps%2C177&sr=8-6&th=1	https://m.media-amazon.com/images/I/71QGTXbsMBL._AC_SX569_.jpg	2918	食品・スイーツ	4	2	5	1	3	1	3	1	1	2	1	3	2	3	2	2	5	2	2
2024/03/16 23:13:20	ヨックモック YOKUMOKU スイーツ お菓子 ギフト 洋菓子 詰め合わせ プレゼント シガール 個包装 シガール 20本入り	https://www.amazon.co.jp/%E3%83%A8%E3%83%83%E3%82%AF%E3%83%A2%E3%83%83%E3%82%AF-YOKUMOKU-%E6%B4%8B%E8%8F%93%E5%AD%90-%E3%82%B7%E3%82%AC%E3%83%BC%E3%83%AB-20%E6%9C%AC%E5%85%A5%E3%82%8A/dp/B00C6VIA6C/ref=sr_1_9?__mk_ja_JP=%E3%82%AB%E3%82%BF%E3%82%AB%E3%83%8A&crid=1OGKIBQ1J21KW&dib=eyJ2IjoiMSJ9.wybosKkuqQeNsZjh-nmV9-YAntTxCg0Bsfbqmsos6YzLwkNoftNAIzcy6z6xy225agsmD58epKxwfnf1QJr03cI_QAfB6m7JqSr5o-TAbFkmp41FOyFFacdKbfJT9toLIaiyCXWOKZuMdhMotiv55GjYpSDlBc_Re9WVxq0SKQhsGDh4YKI9TauZd05AZjr5TENLTryag7spMUCTImfAvOx9u7Dq0P0OvvmoVQSpDB66_T0juqYI37i3B7_vJrCYiCi1wkRh26JgHyAgsuyzjmc6OsZBzXkgk8K3KPoavo8.dGth7a6VSzuFDR5D5yObGy0sy4q6QACHfIexsE1nBLI&dib_tag=se&keywords=%E3%83%97%E3%83%AC%E3%82%BC%E3%83%B3%E3%83%88%2B%E9%A3%9F%E3%81%B9%E7%89%A9&qid=1710598268&sprefix=%E3%83%97%E3%83%AC%E3%82%BC%E3%83%B3%E3%83%88%2B%E9%A3%9F%E3%81%B9%E7%89%A9%2Caps%2C177&sr=8-9&th=1	https://m.media-amazon.com/images/I/61lvxdnrE7L._AC_SX569_.jpg	1728	食品・スイーツ	4	3	3	2	3	1	3	1	1	2	1	3	3	3	2	1	1	1	1
2024/03/17 0:19:27	BESTUR ホットアイマスク USB 電熱式 かわいい リラックス 圧迫感なし 遮光 温度調節 自動電源オフ 安全保護 睡眠/昼休み/旅行/出張/ギフト/プレゼント アイマスクホット 温冷両用 目元美顔器	https://www.amazon.co.jp/dp/B0CJJBVK7C?starsLeft=1&ref_=cm_sw_r_cso_cp_apin_dp_67H7RBGNN27P9GW5NGHC_1	https://m.media-amazon.com/images/I/61Lry6PXTNL._AC_SL1000_.jpg	2990	趣味・ライフスタイル雑貨	2	5	5	1	3	2	3	2	4	2	2	3	3	2	2	4	4	3	1
2024/03/17 0:25:06	エポック社 シルバニアファミリー ハウス DH-08 はじめてのシルバニアファミリー＆ピクニックワゴン＆ショコラウサギのお父さん＆お母さん＆ふたごちゃん家具セット＆赤ちゃんコレクション	https://www.amazon.co.jp/%E3%82%A8%E3%83%9D%E3%83%83%E3%82%AF%E7%A4%BE-%E3%82%B7%E3%83%AB%E3%83%90%E3%83%8B%E3%82%A2%E3%83%95%E3%82%A1%E3%83%9F%E3%83%AA%E3%83%BC-%E3%83%8F%E3%82%A6%E3%82%B9-DH-08/dp/B0CGZP1SMW/ref=sr_1_1_sspa?__mk_ja_JP=%E3%82%AB%E3%82%BF%E3%82%AB%E3%83%8A&crid=9MLNGY05B0XX&dib=eyJ2IjoiMSJ9.nka-6SV3-hW7eQoSb-sT5hHwzPK2VKFEE504nsnG-iwqYyGwrVWesxwMtpXowU9kDTIOF9VKyMpeV3tUy6HIuDnUdzH4xzTvjUHMgq8WSp0kbW2A9v8KIhNM3mtYjNNaVkaR9vlKcnOoOxXgY27EvZXiI1D3Y_TOyWQelKoiJxYSPhd8WXQnHlgd7f7uQ9LvCVAHC_sKcD-uJNx32rdz95_4lBiTa_mGjUbb2JKvW93hjGmNd7Pm84pgJJbgeBi6NQdbb36_2SQh9KB_4RU6tiJ0wJjcWmTjkbQitem_wbQ.BOtwFwg-Gzgilcc0MBgiXzAtIFAhG_VC05idUoDfy1U&dib_tag=se&keywords=%E3%82%B7%E3%83%AB%E3%83%90%E3%83%8B%E3%82%A2%E3%83%95%E3%82%A1%E3%83%9F%E3%83%AA%E3%83%BC&qid=1710602458&sprefix=%E3%82%B7%E3%83%AB%E3%83%90%E3%83%8B%E3%82%A2%E3%83%95%E3%82%A1%E3%83%9F%E3%83%AA%E3%83%BC%2Caps%2C171&sr=8-1-spons&sp_csd=d2lkZ2V0TmFtZT1zcF9hdGY&psc=1	https://m.media-amazon.com/images/I/61HC2jSq7sL._AC_SL1000_.jpg	12380	その他	2	5	3	1	2	1	1	1	2	2	1	4	2	1	1	4	3	3	1
2024/03/17 0:30:20	舞妓こすめ 金木犀クリーム ハンド&ボディクリーム 金木犀の香り 70グラム (x 1)	https://www.amazon.co.jp/%E8%88%9E%E5%A6%93%E3%81%93%E3%81%99%E3%82%81-%E9%87%91%E6%9C%A8%E7%8A%80%E3%82%AF%E3%83%AA%E3%83%BC%E3%83%A0-%E3%83%8F%E3%83%B3%E3%83%89-%E3%83%9C%E3%83%87%E3%82%A3%E3%82%AF%E3%83%AA%E3%83%BC%E3%83%A0-%E9%87%91%E6%9C%A8%E7%8A%80%E3%81%AE%E9%A6%99%E3%82%8A/dp/B0768GF9V9/ref=sr_1_6?__mk_ja_JP=%E3%82%AB%E3%82%BF%E3%82%AB%E3%83%8A&crid=35O7NRXDH8H74&dib=eyJ2IjoiMSJ9.TzvL_hwCZQXnYciUk_OLOqgi206PO9JAMqaAJivQIcef3cSaYkHBViWUIVT8-X8UGw7c58d69g-5BGScSi_71QjqFNrdeo8sBKdAIcI9wGxmTI730LDNPuPSf0bBHLgMahVUjuGJr9wKaXkwXLSY85SD43TJc-sK9yeX0OROUibKpeEDV9w8I1Gx-crRiC87n0AC1WVnZaU-8Y7UU9crCM3M3jq_l9vBvobeE-lBKOVAP1jH_q2OTBxoKngL21uXTe_JfLA-GA-ZpisAGk2kMvydtun0BKzDHmFKOTF_A2k.LK0Qv0vJF5_0b_1suQfQ6_YMpTUvKnGjKWXS2Rkjsq0&dib_tag=se&keywords=%E3%83%8F%E3%83%B3%E3%83%89%E3%82%AF%E3%83%AA%E3%83%BC%E3%83%A0+%E9%87%91%E6%9C%A8%E7%8A%80&qid=1710602880&sprefix=%E3%83%8F%E3%83%B3%E3%83%89%E3%82%AF%E3%83%AA%E3%83%BC%E3%83%A0+%E3%82%AD%E3%83%B3%E3%83%A2%E3%82%AF%E3%82%BB%E3%82%A4%2Caps%2C181&sr=8-6	https://m.media-amazon.com/images/I/71yeac1NB+L._AC_SL1500_.jpg	1540	コスメ・ビューティー	4	4	5	1	1	2	4	2	1	1	5	4	1	1	2	4	5	2	1
2024/03/17 15:07:30	Kindle (16GB) 6インチディスプレイ 電子書籍リーダー ブラック	https://www.amazon.co.jp/gp/product/B09SWTG9GF/ref=s9_bw_cg_compErea_md1_w?pf_rd_m=AN1VRQENFRJN5&pf_rd_s=merchandised-search-3&pf_rd_r=GS3T4PNP1YG5Q892N4R5&pf_rd_t=101&pf_rd_p=404c710c-4930-4f00-aa7d-70a1bdd44ab8&pf_rd_i=3933932051	https://m.media-amazon.com/images/I/51CJdDUQuIL._AC_SX425_.jpg	14980	趣味・ライフスタイル雑貨	4	1	5	5	3	2	5	2	2	2	1	1	3	3	4	4	5	2	1
2024/03/17 15:09:41	Meta Quest 3 128GB	https://www.amazon.co.jp/META-Meta-Quest-3-128GB/dp/B0CB3WXL12/ref=sr_1_5?crid=3PZDT5QI9HUUX&dib=eyJ2IjoiMSJ9.7xGPITbmEcKKl0lJb3RLy2I7jAGAHmslIgB1-YfhKvmEERlA37NtWpGCD4xCn5R6kT8hawnP25s1X0oARR0NUr6A4JbCV-wMIZJ9Rv5AykgYIeWEXbuxjKDWx7XhP99X1nc1T8GxNKpK8n201hoBa4GHR4WLtuvxXzZ0XMIJRE440JmZ5MTbiTqns4eroHG4Fi-Sl_kLA7xvLHIBIfWohbhFUFSrmaf7bdq8r5Cku0hTdUnYRoD5xXozOa_fHEtggBexHIbVOc0pYJDWo7VVQ5F3YHZoABMixlBVApw0UJc.VqBZlznILeltTTWbBciOHf2hpTmBSH6wdT55GayEgzE&dib_tag=se&keywords=meta+quest+3&qid=1710655716&sprefix=Meta+%2Caps%2C173&sr=8-5	https://m.media-amazon.com/images/I/61I66N7SE6L._AC_SX466_.jpg	74800	趣味・ライフスタイル雑貨	4	1	3	5	4	5	4	2	4	3	1	1	2	4	5	5	5	5	1
2024/03/17 15:20:27	BenQ ScreenBar スクリーンバー モニター	https://www.amazon.co.jp/BenQ-ScreenBar-%E3%82%B9%E3%82%AF%E3%83%AA%E3%83%BC%E3%83%B3%E3%83%90%E3%83%BC-Reading-%E3%83%A2%E3%83%8B%E3%82%BF%E3%83%BC%E6%8E%9B%E3%81%91%E5%BC%8F%E3%83%A9%E3%82%A4%E3%83%88/dp/B0785D93KD/ref=sr_1_1_sspa?dib=eyJ2IjoiMSJ9.nteixVmQzus32xhp6DKK5CkDU99xdrBhKx2wSdW9uHd5kJWolQons5TTgH_QgrZELXNDcF6Y9CDcSADI6Bfde1LUX5RG82PBKnX4y5Tc-_SnvC2f3_8LgH1dR8f-WdjkxdyjlNfxZl0bahMaqJemwEIViRJY4JHVWvGUJ9dXvDUO0QugN7tIPrZ6EMscYt9zIxW-tmPdh0i8YVoWJR0DumrzCCtx2EIsLxnWMqOt8x1u87SCrgts95bHdPrownNeKHucU9rLDETidaRUuyJ2OvPkwNlrnzD7oEn0De6M__8.VsFugjQskfc0YJpeWG3jjhFmQ5zSDvFyT_IoiCGjp8U&dib_tag=se&keywords=%E3%82%A6%E3%82%A7%E3%83%BC%E3%83%96%E3%83%A9%E3%82%A4%E3%83%88%E3%83%BB%E3%82%B9%E3%83%9E%E3%83%BC%E3%83%88LED%E3%83%A9%E3%82%A4%E3%83%88&qid=1710656355&sr=8-1-spons&sp_csd=d2lkZ2V0TmFtZT1zcF9hdGY&psc=1	https://m.media-amazon.com/images/I/51EvGsRwIfL._AC_SX679_.jpg	12900	インテリア	4	1	5	4	3	3	4	1	1	2	1	2	3	3	3	4	5	4	1
2024/03/17 15:23:15	ワイヤレスイヤホン ブルートゥース イヤホン JGUG	https://www.amazon.co.jp/%E3%80%902024%E5%B9%B4%E6%96%B0%E5%B9%B4%E5%88%9D%E5%A3%B2%E3%82%8A-Bluetooth-%E3%82%A4%E3%83%A4%E3%83%9B%E3%83%B3%E3%80%91%E3%83%AF%E3%82%A4%E3%83%A4%E3%83%AC%E3%82%B9%E3%82%A4%E3%83%A4%E3%83%9B%E3%83%B3-JGUG-%E4%B8%A1%E8%80%B3ENC%E3%83%8E%E3%82%A4%E3%82%BA%E3%82%AD%E3%83%A3%E3%83%B3%E3%82%BB%E3%83%AA%E3%83%B3%E3%82%B0/dp/B0CHW15Z7B/ref=sr_1_1_sspa?__mk_ja_JP=%E3%82%AB%E3%82%BF%E3%82%AB%E3%83%8A&crid=3KMB2DRCJQH2N&dib=eyJ2IjoiMSJ9.KaS9eSYH1STYjOQpq6wxURPMBH3BJWhFg5-xh0ZN_NnNH1tkrd4cvuNdx7cTJgfRcplmc5wFHgwCYPAc4ZYDgnAC5QWP3W78FTjZeqtc5gd_WAAlUx6Cl_5wyOs7J8G7Z793PSEivp6nqFrr5ErG4R3v6eBFDK7rZ1C70DBLZOXWA1DU-UioAbR5AiYt6bdBzu-b9J_plB_3DA0mkRaNiUVYB5dhwCl2QTJEKlfKYYSff_Oj_K3VOU5hgse17rZ4L8QlXGqqvbVRgzoikPxrRq-7lI5FhnWYrkBX6vmzrYk.a59oJnuQ7d8VWmpgmY6abIV9rdpUPvySoj1lTq_vPRw&dib_tag=se&keywords=%E3%83%AF%E3%82%A4%E3%83%A4%E3%83%AC%E3%82%B9%E3%82%A4%E3%83%A4%E3%83%9B%E3%83%B3&qid=1710656445&sprefix=%E3%83%AF%E3%82%A4%E3%83%A4%E3%83%AC%E3%82%B9%E3%82%A4%E3%83%A4%E3%83%9B%E3%83%B3%2Caps%2C165&sr=8-1-spons&sp_csd=d2lkZ2V0TmFtZT1zcF9hdGY&psc=1	https://m.media-amazon.com/images/I/61UrlaIOYFL._AC_SX679_.jpg	2093	趣味・ライフスタイル雑貨	4	2	5	5	1	4	4	2	3	1	1	1	4	3	2	4	3	3	1
2024/03/17 15:25:37	YOGIN 加湿器 卓上 アロマディフューザー	https://www.amazon.co.jp/YOGIN-%E3%82%A2%E3%83%AD%E3%83%9E%E3%83%87%E3%82%A3%E3%83%95%E3%83%A5%E3%83%BC%E3%82%B6%E3%83%BC-%E3%83%9F%E3%82%B9%E3%83%88%E9%87%8F3%E6%AE%B5%E9%9A%8E%E8%AA%BF%E6%95%B4-24%E6%99%82%E9%96%93%E9%80%A3%E7%B6%9A%E7%A8%BC%E5%83%8D-%E5%90%B9%E5%87%BA%E5%8F%A3360%C2%B0/dp/B0CCP968PT/ref=sr_1_1_sspa?__mk_ja_JP=%E3%82%AB%E3%82%BF%E3%82%AB%E3%83%8A&crid=1ZJFJG29JMNI9&dib=eyJ2IjoiMSJ9.SXxn4lYj0QFHzBuoX9uDKIE7aqKfQPfZmMsveZfce1dP6NwhuwgsKSzVsQJV-iLuiB-uBOwkbcp-VxJccSVt_LPWziynAvD8NEC1NQc5VnFqRys-79ozyDz7IliG0WYdVDAyu01WZXe1r5dnY5Dbsyrnra9u3KPZgdEEV_1elBWJbV1erZ8ANMiOgF8vzb9iFw70VUcNgCfdu1tTwiklEW9CcfP9VLWlK1HWLbCiQg3NJvTLuOjNGwT_6UFkDjszWsMzK3R76X53Nnx-FV5hyQ6bx1TCCqG_EBJbGlfuGas.bFA-AP-JnDMOEN9zXXS_MoAmoa4hyXJoDNTM457_rCI&dib_tag=se&keywords=%E3%82%A2%E3%83%AD%E3%83%9E%E3%83%87%E3%82%A3%E3%83%95%E3%83%A5%E3%83%BC%E3%82%B6%E3%83%BC&qid=1710656610&sprefix=%E3%82%A2%E3%83%AD%E3%83%9E%E3%83%87%E3%82%A3%E3%83%95%E3%83%A5%E3%83%BC%E3%82%B6%E3%83%BC+%2Caps%2C163&sr=8-1-spons&sp_csd=d2lkZ2V0TmFtZT1zcF9hdGY&psc=1	https://m.media-amazon.com/images/I/61HOb+st4yL._AC_SY879_.jpg	4500	インテリア	4	2	5	5	3	4	4	3	3	2	1	1	3	3	4	4	4	3	1
2024/03/17 15:29:06	ネスカフェ ゴールドブレンド バリスタ フィフティ	https://www.amazon.co.jp/%E3%80%90Amazon-co-jp%E9%99%90%E5%AE%9A%E3%80%91%E3%83%8D%E3%82%B9%E3%82%AB%E3%83%95%E3%82%A7-%E3%82%B4%E3%83%BC%E3%83%AB%E3%83%89%E3%83%96%E3%83%AC%E3%83%B3%E3%83%89-%E3%83%90%E3%83%AA%E3%82%B9%E3%82%BF-SPM9639-%E3%83%8D%E3%82%B9%E3%82%AB%E3%83%95%E3%82%A7/dp/B0B3QPSNBM/ref=sr_1_2_sspa?__mk_ja_JP=%E3%82%AB%E3%82%BF%E3%82%AB%E3%83%8A&crid=A8XLV9GPHVMR&dib=eyJ2IjoiMSJ9.Y711HGzwkRcI-5k-CWRgiRfiLdyk839oSgf06Ar_GxfBaU5K3ZRWgkXtFModQB_udZi96xBg8BVOjDmRm3mS2oEQfcIgzqs2k1CrIKvXkGzg6gJlFawLSqPuBTooo8q-CiAhno_JXyqliJ_qDKsiCkf2z4ACGI8b8B4rxWc9pi9XMuxKBCEBVcG2yU-7nvqwkLubgVJ6KC6A6JpmCrSJrKDEPGRaYLhBoAvhbMCdaGv6mZUMSdONM_Gy-Z5cMun-VCi6_9YUw3WWBGrCCj8w6S2n_Y4IpbkU6oL6mAB0V8U.h_WYVfk3m27hHG35X9SJ2fAo-u8g99gFQ-aj1IvxZ9M&dib_tag=se&keywords=%E3%82%B3%E3%83%BC%E3%83%92%E3%83%BC%E3%83%A1%E3%83%BC%E3%82%AB%E3%83%BC&qid=1710656772&sprefix=%E3%82%B3%E3%83%BC%E3%83%92%E3%83%BC%E3%83%A1%E3%83%BC%E3%82%AB%E3%83%BC+%2Caps%2C191&sr=8-2-spons&sp_csd=d2lkZ2V0TmFtZT1zcF9hdGY&psc=1	https://m.media-amazon.com/images/I/61gSszf6UxL._AC_SX679_.jpg	11677	趣味・ライフスタイル雑貨	3	2	5	4	3	3	5	2	2	4	1	1	3	3	4	3	5	3	1
2024/03/17 15:31:40	PlayStation 5(CFI-2000A01)	https://www.amazon.co.jp/%E3%82%BD%E3%83%8B%E3%83%BC%E3%83%BB%E3%82%A4%E3%83%B3%E3%82%BF%E3%83%A9%E3%82%AF%E3%83%86%E3%82%A3%E3%83%96%E3%82%A8%E3%83%B3%E3%82%BF%E3%83%86%E3%82%A4%E3%83%B3%E3%83%A1%E3%83%B3%E3%83%88-PlayStation-5-CFI-2000A01/dp/B0CKYM15RJ/ref=sr_1_2?crid=1BN5KQ2I3KJJ9&dib=eyJ2IjoiMSJ9.N2oGcDEOGDz9xpjXbk0CoQiDzGMoCi8mY6Ky01ucLtKAHpfqlV8zL_7Tg--KmbWqWVRbUkwQPQN2cl6AVKt1CrYBCYzkjqqAa4h0geB81XAFC6Vltblg56P6pEKwNEYdpR8IgNOWYbXQgNtIoCCUj540R6p-hiPd-iVd9jRDhFBR9J40Wh4W-U6rvovB5qh1nJOPRj-er_dTbx459oW2tQzofhx1MFXbhi7Ec5_4gJvh6YbDv3fUGOKOl98Fb59E0sCdRTXpx4D6Qq6mX9h77hdgwSZccCohu3qB6VEjhH4.gIXN-M402OEVs-RjNuKPZJIF-5HbnbzVKrE_a0d1MHM&dib_tag=se&keywords=ps5&qid=1710657036&sprefix=%EF%BD%90%2Caps%2C181&sr=8-2&th=1	https://m.media-amazon.com/images/I/517hCmftoEL._AC_SX679_.jpg	66980	趣味・ライフスタイル雑貨	5	1	5	5	4	5	5	3	5	4	1	1	5	4	5	5	5	5	1
2024/03/17 15:33:46	Holy Stone ドローン カメラ付き 100g未満 GPS搭載 申請不要 屋外 小型 1080Pカメラ バッテリー3個 42分飛行時間 自動帰還 フォローミーモード ウェイポイントモード 誕生日ギフト HS155	https://www.amazon.co.jp/Holy-Stone-1080P%E3%82%AB%E3%83%A1%E3%83%A9-%E3%83%95%E3%82%A9%E3%83%AD%E3%83%BC%E3%83%9F%E3%83%BC%E3%83%A2%E3%83%BC%E3%83%89-%E3%82%A6%E3%82%A7%E3%82%A4%E3%83%9D%E3%82%A4%E3%83%B3%E3%83%88%E3%83%A2%E3%83%BC%E3%83%89/dp/B0CHP3HWD4/ref=sr_1_2_sspa?__mk_ja_JP=%E3%82%AB%E3%82%BF%E3%82%AB%E3%83%8A&crid=2ER5YV4IS7F58&dib=eyJ2IjoiMSJ9._Ck3vKUJlJMcSrFVBsseHIPBtbkoFvm6ZVH-ZenwUr6TySJVcSaA0AgL5jqzJrMHrQ36YfxFcWt2G2YZ0UBSJtLB98nevgzIwIIiVHjl8nVAeofFSvALSQ2Sxg3qEaCSsVjJmsP-zPPtD4IC1kofwLgUWoQQqqA8tjnC_wDRDLUGynd5GeBgipo8HsW792xFY-XyWh5oO_GmfI46KBYAMW84lMdtidNij_bUaQ6uVyR_N_cCP4Jen5IOJvgPGj2Xf31vWZEPk6PRJm7FFpgNMndPAm9ezDyx61ifiCDBn5o.84IDuAKCnPyUiFVdB99uVqwT9WAYWFb25Qe8Z6HYrSI&dib_tag=se&keywords=%E3%83%89%E3%83%AD%E3%83%BC%E3%83%B3&qid=1710657179&sprefix=%E3%83%89%E3%83%AD%E3%83%BC%E3%83%B3%2Caps%2C168&sr=8-2-spons&sp_csd=d2lkZ2V0TmFtZT1zcF9hdGY&psc=1	https://m.media-amazon.com/images/I/71j6SetwuyL._AC_SX425_.jpg	18820	趣味・ライフスタイル雑貨	4	1	4	5	4	5	4	2	4	3	1	1	4	5	4	4	5	5	1
2024/03/17 15:35:20	RIESS ツールセット マルチ 1kg クックブックRiessエナメル 1960-000	https://www.amazon.co.jp/RIESS-%E3%83%84%E3%83%BC%E3%83%AB%E3%82%BB%E3%83%83%E3%83%88-%E3%83%9E%E3%83%AB%E3%83%81-%E3%82%AF%E3%83%83%E3%82%AF%E3%83%96%E3%83%83%E3%82%AFRiess%E3%82%A8%E3%83%8A%E3%83%A1%E3%83%AB-1960-000/dp/B07H8QPN96/ref=sr_1_1?__mk_ja_JP=%E3%82%AB%E3%82%BF%E3%82%AB%E3%83%8A&crid=3CI3MTFLQLC00&dib=eyJ2IjoiMSJ9.L96ljMRIFxVvwXZ-fAtHQMh70QRrUgSYvFlYx2oKqL9m4z_xd3LRYsp2NvuZaYztOGua_nPJbQ206aEHJC9_fNzzL4_yNJiWgmHwbLNMR2RA_k4GOripzXU7frbYxJE9h-iR70CHrsL6RpuM3i8-KstcLMMcre20pnyN6gG9iO7Tyif7aZekEMjL05M54Aw9msPAlW270v8lum0bo2_hp3uAqXcOZxdchzVMfTQjxFNj1TY32XF_4CwoeUsobzglLzpbK4lCGRmwGlDwQdO8c-V1WfGLK7nPFbegszNQJ4I.eLyPS3zBejB_6_r8rTZuR9EZGD-XjtuijETBKRgZ73c&dib_tag=se&keywords=%E3%82%AF%E3%83%83%E3%82%AF%E3%83%96%E3%83%83%E3%82%AF%E3%82%BB%E3%83%83%E3%83%88&qid=1710657245&sprefix=%E3%82%AF%E3%83%83%E3%82%AF%E3%83%96%E3%83%83%E3%82%AF%E3%82%BB%E3%83%83%E3%83%88%2Caps%2C161&sr=8-1	https://m.media-amazon.com/images/I/710ngQhKbJS._AC_SX679_.jpg	3425	食品・スイーツ	4	5	5	2	3	3	4	4	3	1	3	3	3	1	1	3	3	3	4
2024/03/17 15:37:21	[世界初 充電不要] MOTHER Bracelet マザーブレスレット ウェアラブルデバイス 活動量計 運動 スポーツ 睡眠 歩数計 減量 防水 ブレスレット スマートウォッチ ヘルスケア 健康 ギフト日本正規品	https://www.amazon.co.jp/%E3%83%9E%E3%82%B6%E3%83%BC%E3%83%96%E3%83%AC%E3%82%B9%E3%83%AC%E3%83%83%E3%83%88-MOTHER-Bracelet-MABKN0A-02/dp/B0BZHHVVTK/ref=sr_1_8?__mk_ja_JP=%E3%82%AB%E3%82%BF%E3%82%AB%E3%83%8A&crid=1J7IB046UOB0W&dib=eyJ2IjoiMSJ9.FAQ_sKMcEnHxD11_GeDwWq91r-EKbUKqY9WmOZFVchgaGnfu_2qlZrgX_VqVkZz9kvEu_-Isb-vAbM5RfF-YXEMl9Aa7T1XSrqilOP3FN41VC0Zp-wrHrviVbCyPFtsIcaAz6DthIIMlz4cdDpeg3ovbT8wLcIQBS_LvO4yqHUzCkXNA89gNCq1BU4_C_7RezGzkSMn0_e-CxB4GTN5AbF3uowTGCQwwXw9dICtiZ5D7lCTuNaW8Ka7ToZWY-rOGutAeLVb7GTAHlJQxq-h2c0jqhblwspZcTRBScV2XklY.Fx09CqB06Vpoy3aeBeiWAST02ym4bsvi_gPWSiTrYm8&dib_tag=se&keywords=%E3%82%A6%E3%82%A7%E3%82%A2%E3%83%A9%E3%83%96%E3%83%AB%E3%83%87%E3%83%90%E3%82%A4%E3%82%B9&qid=1710657367&sprefix=%E3%82%A6%E3%82%A7%E3%82%A2%E3%83%A9%E3%83%96%E3%83%AB%E3%83%87%E3%83%90%E3%82%A4%E3%82%B9%2Caps%2C166&sr=8-8	https://m.media-amazon.com/images/I/61i+stJq0bL._AC_SX679_.jpg	44000	趣味・ライフスタイル雑貨	5	3	5	4	1	4	5	4	3	1	1	1	3	3	3	4	5	4	1
2024/03/17 15:43:05	マイワインクラブ 世界の赤白スパークリングワイン 12本 セット	https://www.amazon.co.jp/%E6%AF%8D%E3%81%AE%E6%97%A5-%E3%83%9E%E3%82%A4%E3%83%AF%E3%82%A4%E3%83%B3%E3%82%AF%E3%83%A9%E3%83%96-%E4%B8%96%E7%95%8C%E3%81%AE%E8%B5%A4%E7%99%BD%E3%82%B9%E3%83%91%E3%83%BC%E3%82%AF%E3%83%AA%E3%83%B3%E3%82%B0%E3%83%AF%E3%82%A4%E3%83%B3-12%E6%9C%AC-%E3%82%BB%E3%83%83%E3%83%88/dp/B092PYB7GF/ref=sr_1_1_sspa?__mk_ja_JP=%E3%82%AB%E3%82%BF%E3%82%AB%E3%83%8A&crid=3AJHNVTBGIPOY&dib=eyJ2IjoiMSJ9.2cnmJ2JHwz0f850cEvXlS553qRFMXfd_fBB_KpHvsZIt-KRSDO8A1shrS1s6oGgL5McW3-r6SepkcD5sZxCKIqXUJZ6LzgUfEruCWeliUd9JGfmOk5QCrGSWY45JN8hKrUt4zksPxFarEppa1W6w3c1pS8hlran8-95CJNYOtVQWFbVdeNX0NUHJ61EcvEpDSSPQVYeeDmpW9_qDPopTH_EdUvKJ4DTjvHMIiauk2sKdKA49O_MBv1DP3BfBXpOPzV5WozFmKxtz3YsiD109qqqQgOodESy42Ndes2cIBYk.NB2v3yO9QRy4oVLKZwFs1Gwn6qbN3GNFlP0ZP4GGGmM&dib_tag=se&keywords=%E3%83%AF%E3%82%A4%E3%83%B3%E3%82%BB%E3%83%83%E3%83%88&qid=1710657651&sprefix=%E3%83%AF%E3%82%A4%E3%83%B3%E3%82%BB%E3%83%83%E3%83%88%2Caps%2C217&sr=8-1-spons&sp_csd=d2lkZ2V0TmFtZT1zcF9hdGY&th=1	https://m.media-amazon.com/images/I/61LyUiVANfL._AC_SX679_.jpg	9000	食品・スイーツ	3	3	5	3	4	3	5	3	4	5	2	3	4	3	4	2	1	4	1
2024/03/17 17:16:58	【リンベル公式】美味百撰 紅花（べにばな） カタログギフト 高級 お取り寄せ グルメ ギフト 贈答 内祝い お礼 母の日 父の日 お中元 敬老の日 お歳暮	https://www.amazon.co.jp/%E3%80%90%E3%83%AA%E3%83%B3%E3%83%99%E3%83%AB%E5%85%AC%E5%BC%8F%E3%80%91%E7%BE%8E%E5%91%B3%E7%99%BE%E6%92%B0-%E7%B4%85%E8%8A%B1%EF%BC%88%E3%81%B9%E3%81%AB%E3%81%B0%E3%81%AA%EF%BC%89-%E3%82%AB%E3%82%BF%E3%83%AD%E3%82%B0%E3%82%AE%E3%83%95%E3%83%88-%E3%81%8A%E5%8F%96%E3%82%8A%E5%AF%84%E3%81%9B-%E6%95%AC%E8%80%81%E3%81%AE%E6%97%A5/dp/B0C62839J4/ref=sr_1_30?__mk_ja_JP=%E3%82%AB%E3%82%BF%E3%82%AB%E3%83%8A&crid=13SYOR6UAFO7J&dib=eyJ2IjoiMSJ9.iu1tDTRpOfNimWYLC8Uulge8rTujJH5UKAo_TzxKaAoCmZbXQxyGy4PSf3tWsegum2u5cFKtfGDmnmXRcXF-Q6ZVoFL7REGWegUAbi8cTJD7rsLIGEMsSyjWeD29G6UcwNsTSAcDOtX8Crz8JweFQWtrwg_pp5CcT0GY5Rt8tGz-f2V9Det_ADESZwtHo0hBXaOg6GXsca2LiZVeQ2f-Ow85NK_gBpkT_9gixzTGU7eulV4ocdbRFUwj5wpZOxdQK1MHQfzKE_a1r1kZrE_CVZGpJLGQK8j9vev_xKorsfg.uH5EUlO5sS6FtwYidQtTuAJVA-k045GPhtxiysNMu5w&dib_tag=se&keywords=%E3%82%AB%E3%82%BF%E3%83%AD%E3%82%B0%E3%82%AE%E3%83%95%E3%83%88+%E5%8C%97%E6%B5%B7%E9%81%93+%E4%B9%9D%E5%B7%9E&qid=1710663316&sprefix=%E3%82%AB%E3%82%BF%E3%83%AD%E3%82%B0%E3%82%AE%E3%83%95%E3%83%88+%E5%8C%97%E6%B5%B7%E9%81%93+%E4%B9%9D%E5%B7%9E%2Caps%2C142&sr=8-30	https://m.media-amazon.com/images/I/61huZc96q6L._AC_SL1000_.jpg	5500	食品・スイーツ	2	1	4	2	3	4	5	2	2	3	2	1	2	3	2	2	3	2	5
2024/03/17 18:11:57	富士フイルム(FUJIFILM) チェキ インスタントカメラ instax mini 12	https://www.amazon.co.jp/FUJIFILM-12-INS-MINI-WHITE/dp/B0BXS47R79/ref=sr_1_5?__mk_ja_JP=%E3%82%AB%E3%82%BF%E3%82%AB%E3%83%8A&crid=19HIR7Y5RNTCL&dib=eyJ2IjoiMSJ9.YYz8oLytd0iKauOpvghuQS04bYTTV4jL3UT7lDFU53Ka8Rm_J3RhEPQgjd3-4mgd1j2UG06B6_fycOcD5j2p00aoo4F-n0euPUOYyzNdi6H6_ndNSR2SLtDkYzdHRcrDcvJG31n-QK0tciIWIKTFcklsWywWv6JlC4bJ99w64i4auy57G8QIn0KL9Z-iJ92aw3OpDL1U-09LHBSsuzCXlnoFrVF14oYiBdqU3zkoUxUexip3YxR7s0S8oC9dfTTpkblrSqQmfXd6VEILeKAEKrQssEvVbhCo_ft2UN6ngew.zVM-IKdP5gG549tkvJU0czwYXeTM8nNHAoIGd0kE7uI&dib_tag=se&keywords=%E3%83%81%E3%82%A7%E3%82%AD&qid=1710666604&sprefix=%E3%83%81%E3%82%A7%E3%82%AD%2Caps%2C174&sr=8-5&th=1	https://m.media-amazon.com/images/I/71CusflriJL._AC_SX679_.jpg	10000	趣味・ライフスタイル雑貨	4	4	4	2	4	3	3	1	1	4	1	4	4	4	3	3	3	3	1
2024/03/17 18:58:51	サントリー 山崎＆白州（全て180ml）飲み比べ2本セット[還暦祝い,誕生日,お祝い,ご贈答,贈り物,記念品,お中元ギフト,お歳暮] 豪華ギフト特撰酒箱入り②	https://www.amazon.co.jp/%E3%82%B5%E3%83%B3%E3%83%88%E3%83%AA%E3%83%BC-%E5%B1%B1%E5%B4%8E%EF%BC%86%E7%99%BD%E5%B7%9E%EF%BC%88%E5%85%A8%E3%81%A6180ml%EF%BC%89%E9%A3%B2%E3%81%BF%E6%AF%94%E3%81%B92%E6%9C%AC%E3%82%BB%E3%83%83%E3%83%88-%E9%82%84%E6%9A%A6%E7%A5%9D%E3%81%84-%E3%81%8A%E4%B8%AD%E5%85%83%E3%82%AE%E3%83%95%E3%83%88-%E8%B1%AA%E8%8F%AF%E3%82%AE%E3%83%95%E3%83%88%E7%89%B9%E6%92%B0%E9%85%92%E7%AE%B1%E5%85%A5%E3%82%8A/dp/B07TDHF3F2/ref=sr_1_6?__mk_ja_JP=%E3%82%AB%E3%82%BF%E3%82%AB%E3%83%8A&crid=2T1342S8UYK4R&dib=eyJ2IjoiMSJ9.qgEZputnvTix5Km2IK76e_SyAEgmQsglJB7fT3Ep61DmYZn6pt-b7QZfrmquEfHOhAC1R-PPjINWE3iX2fQM-nxHfUhJnIdWYqWMjUef7RRY1BuZNBhKj3MU9VU2d8GOOipRT7vOrq08DF49W3ueLmenOLYU28VuXenHgga64CVnPyL5Nhg5gSZGNJEmFpAF54Fnv9Ad3DqlZClsnghpozV-Kuu8le_zbIVot7lRRsBUbYdZ6BLru2i4Yo9eITGwVa3nPAGKT82OjN09zTcL2zyrAv6oRgCDgiK-534_Wb8.NYT8wP9k2oWnv74EzI6PN5J_tIC3Qj6ZupLmiXTgbjM&dib_tag=se&keywords=%E3%82%A6%E3%82%A4%E3%82%B9%E3%82%AD%E3%83%BC+%E9%A3%B2%E3%81%BF%E6%AF%94%E3%81%B9&qid=1710669466&sprefix=%E3%82%A6%E3%82%A4%E3%82%B9%E3%82%AD%E3%83%BC+%E9%A3%B2%E3%81%BF%E6%AF%94%E3%81%B9%2Caps%2C171&sr=8-6	https://m.media-amazon.com/images/I/61PDFadAvQS._AC_SX679_.jpg	7980	食品・スイーツ	4	2	4	4	3	4	5	1	1	3	4	4	4	3	4	3	3	2	1
2024/03/17 19:01:28	Nintendo Switch(有機ELモデル) Joy-Con(L) ネオンブルー/(R) ネオンレッド	https://www.amazon.co.jp/Nintendo-Switch-%E6%9C%89%E6%A9%9FEL%E3%83%A2%E3%83%87%E3%83%AB-%E3%83%8D%E3%82%AA%E3%83%B3%E3%83%96%E3%83%AB%E3%83%BC-%E3%83%8D%E3%82%AA%E3%83%B3%E3%83%AC%E3%83%83%E3%83%89/dp/B098B79SJL/ref=sr_1_8?crid=200HO05FX5MOC&dib=eyJ2IjoiMSJ9.-Ttaq4EnBOgLoheB_yBC_lBXHfxjwBTUcG3vj77OLH7OzT90CQYzj4tX5ubqDgP_QlCJ6pzXn6B7PT2m9vR2D5rr9HlUJ073ETSe5SJfsaSAxilS2zgpkjYoZnC--5HRZtb3OKZtfKzBCxE4mU4fK-AMlhi_6CXchcrytN64puP308KBGSMM9_EAZPhXXofD1KqTkGPh9v0M2Zgk0Kudoi3es1pMp5j6xr2-_fomCt4dZzUZfgkHb_Aw_swTjrOs9BRiDZREXJm_CFshwtDF3C4q0sDMhnIPPvInSp0pvFM.7wmPOhRzmdqulrA-EphUpT7GCMu_dwGgvyIJX8u5_Zc&dib_tag=se&keywords=nintendo+switch&qid=1710669619&sprefix=Ninten%2Caps%2C173&sr=8-8	https://m.media-amazon.com/images/I/61gAt3pdE6L._AC_SX522_.jpg	37980	趣味・ライフスタイル雑貨	4	3	4	4	3	3	4	2	3	4	1	3	5	3	3	3	3	3	1
2024/03/17 20:56:58	[アシックス] 陸上 トレーニングシューズ WINDSPRINT 2	https://amzn.asia/d/gEJRogj	https://amzn.asia/d/0vk4AZP	12610	ファッション	2	1	4	4	1	1	2	3	1	4	1	1	4	4	3	2	3	2	1
2024/03/17 20:58:50	SAT BK ブラック 4本セット サツマイモ エプソン用 新互換インクカートリッジ 残量表示付き 最新型ICチップ付き A.I.S製品	https://amzn.asia/d/aj3ZEey	https://amzn.asia/d/aj3ZEey	2052	その他	3	1	4	2	1	1	3	1	1	1	1	1	1	1	1	1	2	1	1
2024/03/17 21:00:16	Anker PowerCore 10000 (10000mAh 大容量 モバイルバッテリー)【PSE技術基準適合/PowerIQ搭載】 iPhone&Android対応 (ブラック)	https://amzn.asia/d/8NSsZDA	https://amzn.asia/d/8NSsZDA	2990	趣味・ライフスタイル雑貨	4	1	4	3	2	1	1	1	1	1	1	1	1	2	2	2	4	1	1
2024/03/17 21:01:47	ORBIS(オルビス) エッセンスインヘアミルク 洗い流さないトリートメント ヘアミルク 美容液 本体 140g	https://amzn.asia/d/8TUFD2e	https://amzn.asia/d/8TUFD2e	1254	コスメ・ビューティー	3	3	4	2	2	2	3	3	1	1	1	1	2	1	2	1	3	1	1
2024/03/17 21:03:01	Tile Mate スタンダードモデル ブラック 4個パック スマートトラッカー スマートタグ 紛失防止タグ gps 小型	https://amzn.asia/d/cVTEkcH	https://amzn.asia/d/cVTEkcH	12800	趣味・ライフスタイル雑貨	4	1	4	3	1	1	1	1	1	2	1	1	2	2	1	1	1	3	1
2024/03/17 21:04:30	REYS レイズ ホエイ プロテイン 山澤 礼明 監修 1kg 国内製造 ビタミン7種配合 WPCプロテイン ぷろていん ホエイプロテイン… (カフェオレ風味)	https://amzn.asia/d/igY1CJS	https://amzn.asia/d/igY1CJS	3119	趣味・ライフスタイル雑貨	3	1	4	3	2	1	1	1	1	1	1	1	2	1	1	1	1	1	1
2024/03/17 22:25:09	レゴ(LEGO) アイデア ゴッホ 「星月夜」	https://www.amazon.co.jp/%E3%83%AC%E3%82%B4-LEGO-%E3%80%8C%E6%98%9F%E6%9C%88%E5%A4%9C%E3%80%8D-21333-%E3%83%97%E3%83%AC%E3%82%BC%E3%83%B3%E3%83%88/dp/B0B2CD6GSB?ref_=ast_sto_dp	https://m.media-amazon.com/images/I/81-+inD5WDL._AC_SY450_.jpg	23780	インテリア	1	3	2	3	3	4	4	1	1	3	1	3	4	3	4	4	2	4	1
2024/03/17 22:28:44	レゴ(LEGO) アイデア 地球儀	https://www.amazon.co.jp/%E3%83%AC%E3%82%B4-LEGO-%E3%82%A2%E3%82%A4%E3%83%87%E3%82%A2-%E5%9C%B0%E7%90%83%E5%84%80-21332/dp/B09RMXZ5XM?ref_=ast_sto_dp	https://m.media-amazon.com/images/I/81KL8q0XUcL._AC_SX679_.jpg	32280	インテリア	2	2	2	4	3	4	4	1	4	3	1	3	4	3	4	4	3	4	1
2024/03/17 22:31:04	セガトイズ(SEGA TOYS) Homestar snow white(ホームスター スノーホワイト) 2021年モデル	https://www.amazon.co.jp/Homestar-snow-white-%E3%83%9B%E3%83%BC%E3%83%A0%E3%82%B9%E3%82%BF%E3%83%BC-%E3%82%B9%E3%83%8E%E3%83%BC%E3%83%9B%E3%83%AF%E3%82%A4%E3%83%88/dp/B094WM59KR/ref=sr_1_5?__mk_ja_JP=%E3%82%AB%E3%82%BF%E3%82%AB%E3%83%8A&crid=1M9NTZGPUQQI2&dib=eyJ2IjoiMSJ9.g0J06Vb9rQomaQ9_Akk59F9r1rtbPbotmIQhqB2jvubtVrtCq2q41WI26jk9ObxZExXsGF8-oNLEtzu2-JR9mZqRdwjlMngRa04wF37JG4061nrEM8qLinF_iAw_ReqRF_Y2GcTdwLeyzr_QV0h1OgY2T5Jb2kWhXVWEKIqlTG5Gl45Wvtw33eEZsO3Dcgx7Jj3I4cK_yPc1zuFoCcJ13BnsGpnFJNNkUU432tGcShDwsNATVV5YAhs7nm_3rrR2H2AJVR7K4Qxj5jtsJG374iDmBw2mQOIO9Yii51LDbaU.9natFKuAX8J25oaQyrZyJgeKhdOxCe6Yn_qZC9S7EPU&dib_tag=se&keywords=%E3%83%97%E3%83%A9%E3%83%8D%E3%82%BF%E3%83%AA%E3%82%A6%E3%83%A0&qid=1710682148&sprefix=%E3%83%97%E3%83%A9%E3%83%8D%E3%82%BF%E3%83%AA%E3%82%A6%E3%83%A0%2Caps%2C171&sr=8-5	https://m.media-amazon.com/images/I/61mdDT282RL._AC_SX466_.jpg	14300	インテリア	2	2	2	4	3	5	5	5	3	3	1	3	3	3	3	3	3	4	1
2024/03/17 22:42:38	ゼブラ(ZEBRA) 多機能ペン シャーボX	https://www.amazon.co.jp/%E3%82%BC%E3%83%96%E3%83%A9-%E5%A4%9A%E6%A9%9F%E8%83%BD%E3%83%9A%E3%83%B3-%E3%82%B7%E3%83%A3%E3%83%BC%E3%83%9CX-%E3%83%8D%E3%82%A4%E3%83%93%E3%83%BC%E3%82%B4%E3%83%BC%E3%83%AB%E3%83%89-SB21-C-NVG/dp/B018PZLZVO/ref=sr_1_1?crid=14X25R33MR88F&dib=eyJ2IjoiMSJ9.Aq7TxFfgyh3f0tk4d4ClA5_vAk5MBjEsjpneNFVxxLYixZrarBRCOkoduybNqKpbmIGPn5z-y_4Gyk9VyShMdI_xYHB1eVz6yfzoszchRalrgykl1awX9roD486abgyk1bpj2sU5fei7FamwTEX40_F2HguLrOs6TtMMymFe-A42ASCu-iVdex1OQcu8OF9a3mMn95-yA54YZNsXBppZo7QhHRklYM3qqAGzLtFLVoOYLy1wmD0mtOnZ7H0yfpQXvs3gjxGa6f3KHW8j_k3D1NriM6w9ksTEq3p4s-m2WYU.4I_ktRJM203gxZIhAxjszBgcCUgYNcniGolwRv1kjqs&dib_tag=se&keywords=%E3%82%BC%E3%83%96%E3%83%A9%2B%E3%82%B7%E3%83%A3%E3%83%BC%E3%83%9Cx&qid=1710682864&sprefix=Zeb%2Caps%2C291&sr=8-1&th=1	https://m.media-amazon.com/images/I/51XBmD-AEQL._AC_SX679_.jpg	5809	その他	4	2	5	5	4	4	4	3	1	4	1	3	3	3	4	4	3	2	1
2024/03/17 22:48:57	[Evoon] マルチビジネスリュック3.0	https://www.amazon.co.jp/Evoon-%E3%83%9E%E3%83%AB%E3%83%81%E3%83%93%E3%82%B8%E3%83%8D%E3%82%B9%E3%83%AA%E3%83%A5%E3%83%83%E3%82%AF3-0-%E3%83%93%E3%82%B8%E3%83%8D%E3%82%B9%E3%83%AA%E3%83%A5%E3%83%83%E3%82%AF-%E6%97%85%E8%A1%8C%E3%83%90%E3%83%83%E3%82%AF-15-6%E3%82%A4%E3%83%B3%E3%83%81/dp/B0BRP4Q9FK/ref=sr_1_5?crid=QOJ2TEK3CKJM&dib=eyJ2IjoiMSJ9.pkoJ_vc7h8869Dx1Y4m9A181Oew-10Pbvwaoomh-zDmvovc4K2S7Y5iHVH5aOtwlcwnLN3nmhZzn_vBbxpVkerfo_87YWwxF5Rit0vIAzUmkSuKQtnLZsA-wTIkMIdQRp1Mju0Biwhg-bxzN64Ox2Kgzd-LerfM4Oby2dBZUic8hTSHsd9ZcU8vIIaf0H8JdmG9nq2_lH8DgtHstkZI0oLIBTzVGh_afd8CbMAan4C3v1PnaJXlCy7PAthjNuVip09sbPtAxkdvP616i0b8VsSQgDqDg9V3YpySJ0-yzPWE.Fvuw3cVsh0zkV3y5gpdydCf29aDF5uyfkdOCbyWmI1A&dib_tag=se&keywords=evoon&qid=1710683265&sprefix=Evoon%2Caps%2C219&sr=8-5	https://m.media-amazon.com/images/I/71rHRMi8bUL._AC_SX679_.jpg	16980	ファッション	4	2	5	4	4	4	4	1	1	4	1	3	3	4	3	3	4	2	1
2024/03/17 22:59:52	[Spigen] MagSafe対応 カードケース AFA07402 (ブラック)	https://www.amazon.co.jp/Spigen-MagSafe%E5%AF%BE%E5%BF%9C-%E3%83%9E%E3%82%B0%E3%83%8D%E3%83%83%E3%83%88%E5%86%85%E8%94%B5-%E3%82%A2%E3%83%BC%E3%83%90%E3%83%B3%E3%83%BB%E3%83%95%E3%82%A3%E3%83%83%E3%83%88-AFA07402/dp/B0CN1SMRWM/ref=sr_1_19_sspa?__mk_ja_JP=%E3%82%AB%E3%82%BF%E3%82%AB%E3%83%8A&crid=2BSCMU9LLQI1R&dib=eyJ2IjoiMSJ9.zT8oSxdtI3k10wjvqLHTMiBubuN-NkUVfURqxmrJTQ8i0MEywGI_BnYE7mTZVlevkCdRAZv3sq8VmcL2c93qvPrP1E7FZ2pLrfbnbrILSlxKQq8MySq78ZHDjctp6BF1or-8xrQNdwWaAfdhvSDGTj00gGzvtNAUUlbCbtqjBfJ1mMYFUv9Str3wa_7y69oNOezLFWj3tVUceiqrbBJDYpf4FmqprDaib3qAKa3G3dE4Co-6P6nhX3XuDEOGZCL23Wf_8nKQDlcTfRPOZ_m6DaSXHT9hz1HJbcwvLiUK8oA.O3IJ7VowCrSJBlMY4C8dhwuJhkBOncWpPluixFoMKXQ&dib_tag=se&keywords=magsafe%2B%E3%82%AB%E3%83%BC%E3%83%89%E3%82%B1%E3%83%BC%E3%82%B9&qid=1710683693&sprefix=magsafe%2B%E3%82%AB%E3%83%BC%E3%83%89%E3%82%B1%E3%83%BC%E3%82%B9%2Caps%2C224&sr=8-19-spons&sp_csd=d2lkZ2V0TmFtZT1zcF9tdGY&th=1	https://m.media-amazon.com/images/I/71ZQdNt28YL._AC_SX679_.jpg	4599	その他	5	1	5	4	2	3	5	1	1	1	3	3	4	4	4	3	5	3	1
2024/03/17 23:16:10	Hepatton リース 花輪	https://www.amazon.co.jp/Hepatton-%E3%83%89%E3%82%A2%E3%83%81%E3%83%A3%E3%83%BC%E3%83%A0-%E3%83%95%E3%82%A7%E3%82%A4%E3%82%B9%E3%82%B0%E3%83%AA%E3%83%BC%E3%83%B3-%E7%9B%B4%E5%BE%8445cm-%E6%8A%AB%E9%9C%B2%E5%AE%B4%E3%81%AE%E8%A3%85%E9%A3%BE/dp/B09NDFSFFQ/ref=sr_1_10?__mk_ja_JP=%E3%82%AB%E3%82%BF%E3%82%AB%E3%83%8A&crid=271WSXMSHQ50Q&dib=eyJ2IjoiMSJ9.yRHI1AtiCrtHcyq6Hivvm6yWuZ0Bs94H7XGA9fflZS-R20VF4Px53RI9E5EFDxtA35nfWYhjr9jtezs09PqAiNN9RzDcoC5EO8PCN-Buqkf3AeFVaM75BJ0gQSUNfgQZM86eHLLikAVqBd12VcDfjIFmuAAfjeLetQ0jcOOTHN3z3mRKtcvlRVlO1KbhQh8ORPGlNQN7LOjJBJi2ZHAc4NvkTeLBAPlc5t1Mxb0EbWriYRwSpjJp2cHhu42SM-XDQ46eq8ux8dl-Gmj0qtNbLdWMXyYevZLfFFvEWLp77iY.m2XVvvTBjI_Vs2H3I7L1E4bxTvQa00rzLOHO5ECj61Q&dib_tag=se&keywords=%E3%83%AA%E3%83%BC%E3%82%B9&qid=1710684627&sprefix=%E3%83%AA%E3%83%BC%E3%82%B9%2Caps%2C302&sr=8-10&th=1	https://m.media-amazon.com/images/I/51z72XpNSML._AC_.jpg	1999	花・植物	4	5	1	3	2	4	4	3	2	1	2	5	3	2	2	4	2	2	2
2024/03/17 23:18:58	タブレット スタンド 【2023最新型 ４つの関節を採用安定で揺れない】 スマホスタンド ipad アーム 横/縱き ベッドサイド 寝ながら ベッド用 360回転 ホルダー 4〜13.5インチ iPhone＆Android＆iPad＆Kindle ＆N-Switch、android surface 多機種対応日本語取扱説明書	https://www.amazon.co.jp/%EF%BC%94%E3%81%A4%E3%81%AE%E9%96%A2%E7%AF%80%E3%82%92%E6%8E%A1%E7%94%A8%E5%AE%89%E5%AE%9A%E3%81%A7%E6%8F%BA%E3%82%8C%E3%81%AA%E3%81%84%E3%80%91-4%E3%80%9C13-5%E3%82%A4%E3%83%B3%E3%83%81-iPhone%EF%BC%86Android%EF%BC%86iPad%EF%BC%86Kindle-%EF%BC%86N-Switch%E3%80%81android-%E5%A4%9A%E6%A9%9F%E7%A8%AE%E5%AF%BE%E5%BF%9C%E6%97%A5%E6%9C%AC%E8%AA%9E%E5%8F%96%E6%89%B1%E8%AA%AC%E6%98%8E%E6%9B%B8/dp/B09T6BVKTF/ref=sr_1_5?__mk_ja_JP=%E3%82%AB%E3%82%BF%E3%82%AB%E3%83%8A&crid=1CMZ39NUG5QCE&dib=eyJ2IjoiMSJ9.IAMi5vTz4St2RjZOrcEvPNLdKsf-lkdIXFd6IFoGT5Krj2OHlL1wXdXJV06CzSOq01v1W5bhPRkYMpYtJ08tfKVxnxUjJ_kmXiX2e5OPiCqSVMoMdX6xAkJuUlpFxfH2bP1tPeAz7J3lyMyBV5DU5UGOsIG5NkugHDYMJ4jrO4Z24xzt6ZVIzVyIL2AS2FsRIsqdyrBSh12_8iTS9OovW4iEFQM80rI3QZsFGOgL9N0SRAJhZ5LoH5FNBH9hKnsWi1JkOMY3nyeYGBJcaxCAzzkbVpA9QiFz2-ckucK8gOs.t6uxINENfAODb3luof0XC6DLLnayIpc8Zy5AD2jJBt0&dib_tag=se&keywords=%E3%82%B9%E3%83%9E%E3%83%9B%2B%E3%82%A2%E3%83%BC%E3%83%A0&qid=1710685049&sprefix=%E3%82%B9%E3%83%9E%E3%83%9B%2B%E3%82%A2%E3%83%BC%E3%83%A0%2Caps%2C169&sr=8-5&th=1	https://m.media-amazon.com/images/I/51jsU9CB--L._AC_SY450_.jpg	3980	インテリア	4	2	5	4	4	2	3	2	2	3	1	3	3	3	3	3	4	2	1
2024/03/17 23:23:15	山崎実業(Yamazaki) マグネットツーウェイディスペンサー	https://www.amazon.co.jp/%E5%B1%B1%E5%B4%8E%E5%AE%9F%E6%A5%AD-Yamazaki-%E3%83%9E%E3%82%B0%E3%83%8D%E3%83%83%E3%83%88%E3%83%84%E3%83%BC%E3%82%A6%E3%82%A7%E3%82%A4%E3%83%87%E3%82%A3%E3%82%B9%E3%83%9A%E3%83%B3%E3%82%B5%E3%83%BC-%E7%B4%84W7XD9XH24cm-4258/dp/B07MQDBCL3/ref=sr_1_2_sspa?crid=12S8FATC05LEE&dib=eyJ2IjoiMSJ9.5aIOEP2LuHG_D5uIcUoS7222iodUox8izUyIoaY9AE73rWmMFVYb4KO3E21zT96Lj4PKYrg5NNkZpBvTqkdHl31NrKfGwIyZMuzZx1onAGUcpv3krO4pWgnwMQRcO39f-RSE5M7kLSB5yhCCJ90WI0SLDnZD0p2Mqm6h0mnKdjT_TaLgWvUSRiL185kQl-zs_sxCFuJEpq2dd6-bUt9oO4liiTH_gamBancoj5qEomocMb6xmMl6zFdDAzE3oKdQj-Vh_bW_5CnVFl7svYVRYyUAzAp5I3EaURUvZsFW2ss.Ypq__PIe6965jJW2NrWdnkx4KrVnxWXua_DR7fjYFzQ&dib_tag=se&keywords=magnetic+dispenser&qid=1710685181&sprefix=magnet+dis%2Caps%2C216&sr=8-2-spons&sp_csd=d2lkZ2V0TmFtZT1zcF9hdGY&psc=1	https://m.media-amazon.com/images/I/517c5EkVldL._AC_SX679_.jpg	1980	その他	4	1	5	2	3	3	3	3	3	3	3	4	3	3	3	3	5	1	1
2024/03/17 23:23:42	【正規品】 Herman Miller (ハーマンミラー) アーロンチェア オフィスチェア B(ミディアム)サイズ アルミニウム グラファイト(ブラック) BBキャスター AER1B23DWALPG1G1G1BBBK23103	https://www.amazon.co.jp/%E3%83%8F%E3%83%BC%E3%83%9E%E3%83%B3%E3%83%9F%E3%83%A9%E3%83%BC-%E3%82%A2%E3%83%BC%E3%83%AD%E3%83%B3%E3%83%81%E3%82%A7%E3%82%A2-%E3%83%AA%E3%83%9E%E3%82%B9%E3%82%BF%E3%83%BC%E3%83%89-%E3%83%9D%E3%82%B9%E3%83%81%E3%83%A3%E3%83%BC%E3%83%95%E3%82%A3%E3%83%83%E3%83%88SL-AER1B23DW/dp/B01MUZOWBH/ref=sr_1_6?crid=1T0MA7MISYZIC&dib=eyJ2IjoiMSJ9.VJmURRnPwGAVhez1XEWFIOGonCcVZGWmQ6eY4kWC6PNwYq7iyS6Jz__mIsNaKRmoG4RmVgJQqh_3NZRqEU5I3dIMNvIsGE5mCG6t6YJhF3vqG6VFWvHrHlS4DPHURHn7m1HzVmqJHG6yFormFrtTyu5O8hG3Eg9IysRbTOeMoiDGrJkhid879HvynpBwVQuelAWya5mmifrm9hErbRYJ-ZWsJi4cy7CPW2XcYiKt1XGxxsOxCKtg3Blp_oibI_zJFTetECtEO9NG67RJeS2yT9DhX-4_yqFx3CYZNVJYCeA.VXQdn9I7pRPf9ww7ikHBLrzv-poE1d_bJsczw54jKro&dib_tag=se&keywords=harman+miller&qid=1710685293&sprefix=harman+mi%2Caps%2C171&sr=8-6	https://m.media-amazon.com/images/I/81j1I6KcpbL._AC_SY879_.jpg	249929	インテリア	4	2	5	4	4	3	4	1	1	4	1	3	4	3	5	4	5	3	1
2024/03/20 0:35:16	SHIRO ホワイトリリーオードパルファム	https://www.amazon.co.jp/SHIRO-ホワイトリリー-オードパルファン-40mL-リニューアル/dp/B0BBLX55R4/ref=mp_s_a_1_2_sspa?crid=2K8AY61ZU0OFJ&dib=eyJ2IjoiMSJ9.Ac0a24SzO6owRfBEGGxg7mNF-p7ul8N7de2Q5WVVdRxf4BTqAzEAfwPzRIRUbd-6v95fgwAy1z7WTybyWJ0_x3k1XlbwKYp5ctVblW6FpzYjBL-Aprxa0hFu3GbPax6NLSXrWNRGHeceFE4_QDiUQRXcY2WvY2_CnGNfDSnMNvmE3EwwKHeGNLnVlDwLjrjJMB7Qx9GCn73kOATBZWFS8w.rfHshU8r6Eq3U6w7aPxC1WAsFWIY8awxpc_jd2ukX3U&dib_tag=se&keywords=shiro+香水&qid=1710862200&sprefix=shi%2Caps%2C219&sr=8-2-spons&sp_csd=d2lkZ2V0TmFtZT1zcF9waG9uZV9zZWFyY2hfYXRm&psc=1	https://www.amazon.co.jp/SHIRO-ホワイトリリー-オードパルファン-40mL-リニューアル/dp/B0BBLX55R4/ref=mp_s_a_1_2_sspa?crid=2K8AY61ZU0OFJ&dib=eyJ2IjoiMSJ9.Ac0a24SzO6owRfBEGGxg7mNF-p7ul8N7de2Q5WVVdRxf4BTqAzEAfwPzRIRUbd-6v95fgwAy1z7WTybyWJ0_x3k1XlbwKYp5ctVblW6FpzYjBL-Aprxa0hFu3GbPax6NLSXrWNRGHeceFE4_QDiUQRXcY2WvY2_CnGNfDSnMNvmE3EwwKHeGNLnVlDwLjrjJMB7Qx9GCn73kOATBZWFS8w.rfHshU8r6Eq3U6w7aPxC1WAsFWIY8awxpc_jd2ukX3U&dib_tag=se&keywords=shiro+香水&qid=1710862200&sprefix=shi%2Caps%2C219&sr=8-2-spons&sp_csd=d2lkZ2V0TmFtZT1zcF9waG9uZV9zZWFyY2hfYXRm&psc=1#immersive-view_1710862444759	4180	コスメ・ビューティー	4	4	5	1	3	3	4	1	1	2	1	1	4	3	3	1	4	1	1
2024/03/20 0:44:43	ネックレス	https://www.amazon.co.jp/マリークワント-MARY-QUANT-ハーフストーンデイジーネックレス-ゴールドピンク/dp/B07448MLMX/ref=mp_s_a_1_1_sspa?crid=5Q2MJ51IO35U&dib=eyJ2IjoiMSJ9.AQ9OLnADvJQHt3ulFb63CIgdSZHyS74oS4zVH0wowUv8NOOxub-NnkFKnbuj3wuLmApDZRp2C1fRMzb3t5BFHb7otFku0clDY1FfIVRU4ppNbBIlktMmHFR1xNuITIIqYTyPw-u4fscDzvytawLnG0Tf-vIKDYDKbDYM2Jfu8pVk925wOTUkHpxorlrsmtQAAEvHh4AathbWHp5ksScHluU64gD5u1GM_Eh6ijNxHly7yFWoCZ11sG4YP4s3mmecfqp_Q6TmL1GwZSf6t_MEA99_i7uYcx00TtfgTtVWDDg.rEiZHpEW2ZZPywJBC-5FaRMeiqSRdi_wMmHUUPDH35s&dib_tag=se&keywords=マリークワント+ネックレス&qid=1710862931&sprefix=マリークワント+ねっく%2Caps%2C169&sr=8-1-spons&sp_csd=d2lkZ2V0TmFtZT1zcF9waG9uZV9zZWFyY2hfYXRm&psc=1&smid=A3NTDGOHCY740A	https://www.amazon.co.jp/マリークワント-MARY-QUANT-ハーフストーンデイジーネックレス-ゴールドピンク/dp/B07448MLMX/ref=mp_s_a_1_1_sspa?crid=5Q2MJ51IO35U&dib=eyJ2IjoiMSJ9.AQ9OLnADvJQHt3ulFb63CIgdSZHyS74oS4zVH0wowUv8NOOxub-NnkFKnbuj3wuLmApDZRp2C1fRMzb3t5BFHb7otFku0clDY1FfIVRU4ppNbBIlktMmHFR1xNuITIIqYTyPw-u4fscDzvytawLnG0Tf-vIKDYDKbDYM2Jfu8pVk925wOTUkHpxorlrsmtQAAEvHh4AathbWHp5ksScHluU64gD5u1GM_Eh6ijNxHly7yFWoCZ11sG4YP4s3mmecfqp_Q6TmL1GwZSf6t_MEA99_i7uYcx00TtfgTtVWDDg.rEiZHpEW2ZZPywJBC-5FaRMeiqSRdi_wMmHUUPDH35s&dib_tag=se&keywords=マリークワント+ネックレス&qid=1710862931&sprefix=マリークワント+ねっく%2Caps%2C169&sr=8-1-spons&sp_csd=d2lkZ2V0TmFtZT1zcF9waG9uZV9zZWFyY2hfYXRm&psc=1&smid=A3NTDGOHCY740A	3565	アクセサリー	4	5	3	1	2	4	4	4	1	1	1	1	3	1	4	5	3	1	1
2024/03/20 0:48:12	ネックレス	https://www.amazon.co.jp/ガーグル-ネックレス-gargle-化学式【アドレナリン】化学式-アクセサリー/dp/B08D92QH7K/ref=mp_s_a_1_8?crid=ZJGI2CXKHBAG&dib=eyJ2IjoiMSJ9.CAVVGpy_gb8-Xp9Z7fVrGGZ4X2QSBX2uSYh4BaUoeNNFzvGbBCvyZs4bdTn64u-y_aDZ0DBZqyUsLiIChD6wA7RAyueNP-PSL6mW0ujNQhOGSjOHjMRmV63HCG9-YNrUgv80Xvdvqw1aaxAx1n8gfQWtaguZxSuXINWquEeTLcbML5VFt0QccLf1INYnztqgMFX27MUOvfSH2QdbBTDZwtfXs_HpDDWsPf31xYgjyJ9UdP0bikXDngfQMlliuTwyMzPDXcr_X47RmxP8iZ5xjwhESGLcoZfnbNZ6lbYDWu8.7_hMh7IB0bU_sZ8rxMwBBxveXPfmXZ_z6BewUCyCDvs&dib_tag=se&keywords=ベンゼン環+アクセサリー&qid=1710863110&sprefix=べんぜ%2Caps%2C189&sr=8-8	https://www.amazon.co.jp/ガーグル-ネックレス-gargle-化学式【アドレナリン】化学式-アクセサリー/dp/B08D92QH7K/ref=mp_s_a_1_8?crid=ZJGI2CXKHBAG&dib=eyJ2IjoiMSJ9.CAVVGpy_gb8-Xp9Z7fVrGGZ4X2QSBX2uSYh4BaUoeNNFzvGbBCvyZs4bdTn64u-y_aDZ0DBZqyUsLiIChD6wA7RAyueNP-PSL6mW0ujNQhOGSjOHjMRmV63HCG9-YNrUgv80Xvdvqw1aaxAx1n8gfQWtaguZxSuXINWquEeTLcbML5VFt0QccLf1INYnztqgMFX27MUOvfSH2QdbBTDZwtfXs_HpDDWsPf31xYgjyJ9UdP0bikXDngfQMlliuTwyMzPDXcr_X47RmxP8iZ5xjwhESGLcoZfnbNZ6lbYDWu8.7_hMh7IB0bU_sZ8rxMwBBxveXPfmXZ_z6BewUCyCDvs&dib_tag=se&keywords=ベンゼン環+アクセサリー&qid=1710863110&sprefix=べんぜ%2Caps%2C189&sr=8-8	1650	アクセサリー	4	5	2	4	2	3	3	4	4	1	1	1	1	3	2	5	1	4	1
2024/03/20 0:50:27	牡蠣のぬいぐるみ	https://www.amazon.co.jp/かわいい牡蠣クッション-手触りが心地良い-シンプルでスタイリッシュ-クリエイティブデザイン-クリスマスギフト、誕生日プレゼント、新年のギフト/dp/B0CHHVQ5V3/ref=mp_s_a_1_5?crid=2VN9NTENG08N0&dib=eyJ2IjoiMSJ9.jxAciv9HdtBIe-3oXw9K7uq61ikXnKQP09plDDG2rzILvehWrxFFeuUGJP6Du6gQ7LJgiGNF5MNjyNRd2EegUenLQyOlzWkCY59UytZ8TD2bbCyOZNYyBrh_tPwrpieq8Vi1WE7FEsuE9nZLaiwIIys2RGj_93LRwuOFbvbMqLIu5TqSkigV6PszNuvox-wQz94EaFwZxrDGV2ZHyvmZXg.XHqmcjWKYlCHOVlIRud5xGyu7OMv0O5Ne3D_bzdu-Fg&dib_tag=se&keywords=牡蠣+ぬいぐるみ&qid=1710863309&sprefix=牡蠣%2Caps%2C192&sr=8-5	https://www.amazon.co.jp/かわいい牡蠣クッション-手触りが心地良い-シンプルでスタイリッシュ-クリエイティブデザイン-クリスマスギフト、誕生日プレゼント、新年のギフト/dp/B0CHHVQ5V3/ref=mp_s_a_1_5?crid=2VN9NTENG08N0&dib=eyJ2IjoiMSJ9.jxAciv9HdtBIe-3oXw9K7uq61ikXnKQP09plDDG2rzILvehWrxFFeuUGJP6Du6gQ7LJgiGNF5MNjyNRd2EegUenLQyOlzWkCY59UytZ8TD2bbCyOZNYyBrh_tPwrpieq8Vi1WE7FEsuE9nZLaiwIIys2RGj_93LRwuOFbvbMqLIu5TqSkigV6PszNuvox-wQz94EaFwZxrDGV2ZHyvmZXg.XHqmcjWKYlCHOVlIRud5xGyu7OMv0O5Ne3D_bzdu-Fg&dib_tag=se&keywords=牡蠣+ぬいぐるみ&qid=1710863309&sprefix=牡蠣%2Caps%2C192&sr=8-5	1480	インテリア	4	5	5	1	4	1	3	1	4	3	1	1	1	3	1	5	5	5	1
2024/03/20 0:54:51	コップ	https://www.amazon.co.jp/Francfranc-フランフラン-オパール-モールタンブラー-ピンク/dp/B0C9BDB5WB/ref=mp_s_a_1_29?crid=5F15PFMJ586M&dib=eyJ2IjoiMSJ9.ddtr2G3zOmhuBFhsOQUPKJMZ9fqZT1IVubQ_UlIp6i3NcyUolpZrbP9q258zcU_lB54Qt9NgYNMq94u060h0cEnQb1kZHmZ7Vl1NIhoOKMNad9H7IEZ04OU4WVrs-a3fcA7UXlvXrhZu0vF0i-n-SqVxSodfv6obX-xqLlw9pQFooqFUYfewDRnHMgwjRblfHhgzM3IzXOeXQQ1v7M4_Zw._Xpd302SxOakNNvgAn0lDmITJWsUk8Y0tMV56g632Ts&dib_tag=se&keywords=francfranc+マグカップ&qid=1710863514&sprefix=francfranc+こっ%2Caps%2C184&sr=8-29	https://www.amazon.co.jp/Francfranc-フランフラン-オパール-モールタンブラー-ピンク/dp/B0C9BDB5WB/ref=mp_s_a_1_29?crid=5F15PFMJ586M&dib=eyJ2IjoiMSJ9.ddtr2G3zOmhuBFhsOQUPKJMZ9fqZT1IVubQ_UlIp6i3NcyUolpZrbP9q258zcU_lB54Qt9NgYNMq94u060h0cEnQb1kZHmZ7Vl1NIhoOKMNad9H7IEZ04OU4WVrs-a3fcA7UXlvXrhZu0vF0i-n-SqVxSodfv6obX-xqLlw9pQFooqFUYfewDRnHMgwjRblfHhgzM3IzXOeXQQ1v7M4_Zw._Xpd302SxOakNNvgAn0lDmITJWsUk8Y0tMV56g632Ts&dib_tag=se&keywords=francfranc+マグカップ&qid=1710863514&sprefix=francfranc+こっ%2Caps%2C184&sr=8-29	1400	趣味・ライフスタイル雑貨	5	5	5	1	2	1	4	4	1	2	1	1	3	2	1	5	3	1	1
2024/03/20 19:54:38	Etoluce（エトルーチェ）天然豚毛ヘアブラシ 絡まらないくし 頭皮マッサージ 日本メーカー つやサラ美髪 ブラッシングケア プレゼントに(コンパクト)	https://www.amazon.co.jp/Etoluce%EF%BC%88%E3%82%A8%E3%83%88%E3%83%AB%E3%83%BC%E3%83%81%E3%82%A7%EF%BC%89%E5%A4%A9%E7%84%B6%E8%B1%9A%E6%AF%9B%E3%83%98%E3%82%A2%E3%83%96%E3%83%A9%E3%82%B7-%E7%B5%A1%E3%81%BE%E3%82%89%E3%81%AA%E3%81%84%E3%81%8F%E3%81%97-%E9%A0%AD%E7%9A%AE%E3%83%9E%E3%83%83%E3%82%B5%E3%83%BC%E3%82%B8-%E6%97%A5%E6%9C%AC%E3%83%A1%E3%83%BC%E3%82%AB%E3%83%BC-%E3%83%96%E3%83%A9%E3%83%83%E3%82%B7%E3%83%B3%E3%82%B0%E3%82%B1%E3%82%A2/dp/B0C4SZ2GWF/ref=sr_1_45?crid=3DBMKVK4NCROJ&dib=eyJ2IjoiMSJ9.n7SOhOF_I4wHKIOJSw6-Dc57xTkZez8gMTV2pfKYORcUENGv6vdVCBQNkEn8KqWfAG5u2hRNAfrgE3M8EV5wcQH2TgaWTUZQgxUZ4N2zcfXJEfmGXmyJJN3kHWN2xFdd_3wtLIRTmri6uAgR9q1jH6WyUmj1fOPuetD6ImoT7428bFtGHP71benfujEoKOQKkvKGtmPvCzhe5qHXH5e3csAtRzCKgOhQZZPYHzLlH1JHY-fQn0t6tu9pU0OD1Vp2eeN0ZNwmzfJr1Ug77TmH07tisbFJtdLAJCKnHrstk9c.UlglvAdPZar1P8uVCYnsTx59_89lSlpircgI9IT_4O0&dib_tag=se&keywords=%E3%83%97%E3%83%AC%E3%82%BC%E3%83%B3%E3%83%88+%E5%A5%B3%E6%80%A7+%E4%BA%BA%E6%B0%97&qid=1710931926&sprefix=pureze%2Caps%2C212&sr=8-45	https://m.media-amazon.com/images/I/710mkZ-vLlL._AC_SL1500_.jpg	1580	コスメ・ビューティー	4	1	5	1	3	3	4	1	1	2	1	1	3	1	1	1	5	1	1
2024/03/20 19:56:59	MUQUA(ﾑｸｱ)	https://www.amazon.co.jp/%E3%80%90%E6%AF%9B%E7%A9%B4%E3%81%AE%E6%B4%97%E6%B5%84%E3%81%BE%E3%81%A7%E3%81%99%E3%82%8B%E5%85%A5%E6%B5%B4%E5%89%A4%E3%80%91MUQUA-%E3%82%AE%E3%83%95%E3%83%88%E7%94%A820g%C3%97-%E6%8A%9C%E7%BE%A4%E3%81%AE%E4%BF%9D%E6%B8%A9-%E3%83%92%E3%83%88%E7%94%B1%E6%9D%A5%E4%B9%B3%E9%85%B8%E8%8F%8C%E5%85%A5%E3%81%A7%E7%84%A1%E6%B7%BB%E5%8A%A0%E3%83%BB%E7%84%A1%E9%A6%99%E6%96%99%E3%83%BB%E5%9B%BD%E5%86%85%E7%94%9F%E7%94%A3%E3%81%A7%E5%AE%89%E5%BF%83-%E3%81%82%E3%81%9B%E3%82%82%E3%82%84%E6%97%A5%E7%84%BC%E3%81%91%E3%81%97%E3%81%9F%E8%82%8C%E3%81%AE%E3%82%A2%E3%83%95%E3%82%BF%E3%83%BC%E3%82%B1%E3%82%A2%E3%81%AB%E3%82%82%E6%9C%80%E9%81%A9%E3%80%82%E3%81%8B%E3%81%8D%E6%B7%B7%E3%81%9C%E3%82%8B%E3%81%A8%E6%B3%A1%E9%A2%A8%E5%91%82%E3%81%AB%EF%BC%81/dp/B0B286N6N7/ref=sr_1_3_sspa?content-id=amzn1.sym.50733a4a-0363-4d51-84b5-b890614f5bf2%3Aamzn1.sym.50733a4a-0363-4d51-84b5-b890614f5bf2&dib=eyJ2IjoiMSJ9._dqDyRVbO4rHJ4l3vHhpH5GNOjoghfzY1bpGfMW3r4K1RAMlgGjqZxwNyNbp06uL2fMdOOdV3jSZrWweKeynbUgnagD2EyWjtN84kwPOHHuBrqWzc8Te7WHQCkBSoC-iIaQJvrYgvxKBy7_GZWoU-D9HSmXiMmtkJGOv2I5Li3A-jYtemGBVSurQniIxQ0etFlHom7cds9gOqp-p4EES3yN6V0dFDntBlBM1_KsZqKBdza_bQO7Rbds7ZYH9WxeOeN9MTyyqd8BcbVW0FUOR_ZN6uKwcEOS__79YyfJbd8k.1ATHSYSEL893qXahuJfw5fvn0rlznv618LnZA8bgF1Q&dib_tag=se&keywords=%E3%83%97%E3%83%AC%E3%82%BC%E3%83%B3%E3%83%88+%E5%A5%B3%E6%80%A7+%E4%BA%BA%E6%B0%97+20%E4%BB%A3&pd_rd_r=5ead4695-78ee-4e2d-a72e-c33fa751fca4&pd_rd_w=EDDUm&pd_rd_wg=SlCR9&pf_rd_p=50733a4a-0363-4d51-84b5-b890614f5bf2&pf_rd_r=3RQCE3Y9SZ0ZX0BMCKBP&qid=1710932126&sr=8-3-spons&sp_csd=d2lkZ2V0TmFtZT1zcF9hdGY&psc=1	https://m.media-amazon.com/images/I/61ap8HPcYyL._AC_SL1500_.jpg	1982	趣味・ライフスタイル雑貨	5	3	5	1	1	3	3	1	1	2	1	1	1	2	1	1	5	1	1
2024/03/20 19:58:48	[UPCOT] 18金ネックレス K18ゴールド ネックレス レディース 人気 18金 ペンダント 母の日 誕生日 記念日クリスマス ギフト プレゼント 女性 ジュエリー	https://www.amazon.co.jp/UPCOT-18%E9%87%91%E3%83%8D%E3%83%83%E3%82%AF%E3%83%AC%E3%82%B9-K18%E3%82%B4%E3%83%BC%E3%83%AB%E3%83%89-%E3%83%8D%E3%83%83%E3%82%AF%E3%83%AC%E3%82%B9-%E8%A8%98%E5%BF%B5%E6%97%A5%E3%82%AF%E3%83%AA%E3%82%B9%E3%83%9E%E3%82%B9/dp/B0CJQRD3TZ/ref=sr_1_100_sspa?content-id=amzn1.sym.50733a4a-0363-4d51-84b5-b890614f5bf2%3Aamzn1.sym.50733a4a-0363-4d51-84b5-b890614f5bf2&dib=eyJ2IjoiMSJ9.q5tSPSMcb6BB1zIT9nEFHm4r_tKuq7hjuPks40AIcNWVfiYxk9u9CNGAsjJ5Bft38dACLM9L1gG8BvBVKd0u-kdo83JlhvwfczOEjO1fQX4zfjy72vYfeCYj9AS64vhjiMOWpV25p6nWs5D2JMUHuQDAYJti4J_ngXnL5pIJSohxO3J5AyWOf2Fr9Nyn9DD9oqwEcAKRPromouTG6vYZ-THZQgIHT5Krpx1ICZGEY_K4h465OJfqc1PJT6twNuu48HDBUdplpZbDXfU_28tpBsD3K7J0JkTL8qMhxSfJBjQ.RQnO4bLv-kjxgz1ZHCxjqYJrTBH63JZoZrPEfpMd5p8&dib_tag=se&keywords=%E3%83%97%E3%83%AC%E3%82%BC%E3%83%B3%E3%83%88+%E5%A5%B3%E6%80%A7+%E4%BA%BA%E6%B0%97+20%E4%BB%A3&pd_rd_r=5ead4695-78ee-4e2d-a72e-c33fa751fca4&pd_rd_w=EDDUm&pd_rd_wg=SlCR9&pf_rd_p=50733a4a-0363-4d51-84b5-b890614f5bf2&pf_rd_r=3RQCE3Y9SZ0ZX0BMCKBP&qid=1710932248&sr=8-100-spons&sp_csd=d2lkZ2V0TmFtZT1zcF9hdGZfbmV4dA&psc=1	https://m.media-amazon.com/images/I/41LoiY2anKL._AC_SX679_.jpg	16560	アクセサリー	5	1	1	1	1	5	5	5	5	1	1	1	1	2	5	5	1	4	1
2024/03/20 20:00:32	ORBIS(オルビス) エッセンスインヘアミルク 洗い流さないトリートメント ヘアミルク 美容液 本体 140g 1.本体	https://www.amazon.co.jp/%E3%82%AA%E3%83%AB%E3%83%93%E3%82%B9-ORBIS-%E3%82%A8%E3%83%83%E3%82%BB%E3%83%B3%E3%82%B9%E3%82%A4%E3%83%B3%E3%83%98%E3%82%A2%E3%83%9F%E3%83%AB%E3%82%AF-140g/dp/B06WLJYWF7/ref=zg_bs_c_beauty_d_sccl_2/358-7651290-3628246?pd_rd_w=7zXG0&content-id=amzn1.sym.5cd03a53-ab67-4cb4-9574-67e14c96f1e2&pf_rd_p=5cd03a53-ab67-4cb4-9574-67e14c96f1e2&pf_rd_r=SN3DDY4F19RP5KVJQJBN&pd_rd_wg=csmI2&pd_rd_r=65fffa13-70fb-4bb9-bf19-f5b49ba93920&pd_rd_i=B06WLJYWF7&psc=1	https://m.media-amazon.com/images/I/41+UMFS-W3L._AC_SL1500_.jpg	1254	コスメ・ビューティー	5	4	5	1	1	3	3	1	1	1	1	1	1	1	1	3	5	1	1
2024/03/20 20:04:12	母の日 父の日 純系 名古屋コーチン 燻製 3種 セット 化粧箱入り 国産 高級 地鶏 ギフト 冷蔵 34 快気祝い 粗品 コンペ 景品 敬老の日	https://www.amazon.co.jp/%E7%B4%94%E7%B3%BB%E5%90%8D%E5%8F%A4%E5%B1%8B%E3%82%B3%E3%83%BC%E3%83%81%E3%83%B3-%E5%90%8D%E5%8F%A4%E5%B1%8B%E3%82%B3%E3%83%BC%E3%83%81%E3%83%B3-%E7%87%BB%E8%A3%BD%E3%82%BB%E3%83%83%E3%83%883-600%E5%86%86/dp/B00AK87N0W/ref=sr_1_52_sspa?crid=1FOPKTXQV821O&dib=eyJ2IjoiMSJ9.yRKMKNV43IjMNjTemehtOmVTORnBQITHzfgewyIucJ_Jg_ZXDtBojBhS06qlpbj4_eil3z1zw2YNcrrrmScUu9fnCi-79ZABEz1DnYEkLJjqIDDVu3CTLQ0mGNh3Z15w9HDM_nhYwYdsMfJ--zSEdb34vJoDIJUDWQTgFUPL1bu6Pr5jzisS6tgPZrrhhadp691NEaayMxIHK4v5dy3PjcrxnwYtIXK841yNPUjJU5Pwmi3j0zv4P8kZ8F2U92pKEqKh_CBdRYMQsUM6rKLv6EwmfVVq3hvqInePXP47aYI.nM6LUdb1bpLx-RQ_vcDWLHDEZ_T3ajjvPjVMGCGwi88&dib_tag=se&keywords=%E8%AA%95%E7%94%9F%E6%97%A5%E3%83%97%E3%83%AC%E3%82%BC%E3%83%B3%E3%83%88%E5%A5%B3%E6%80%A7+%E4%BA%BA%E6%B0%97&qid=1710932564&sprefix=tannjyou%2Caps%2C231&sr=8-52-spons&sp_csd=d2lkZ2V0TmFtZT1zcF9tdGY&psc=1	https://m.media-amazon.com/images/I/61Lh8x4p8-L._AC_SL1200_.jpg	4280	食品・スイーツ	2	1	5	1	3	2	5	1	3	3	4	1	1	3	3	1	3	4	1
2024/03/20 20:06:24	【リンベル公式】北海道七つ星ギフト カムイ カタログギフト 高級 お取り寄せ グルメ 北海道 物産 ギフト 贈答 内祝い お礼 母の日 父の日 お中元 敬老の日 お歳暮	https://www.amazon.co.jp/%E3%80%90%E3%83%AA%E3%83%B3%E3%83%99%E3%83%AB%E5%85%AC%E5%BC%8F%E3%80%91%E5%8C%97%E6%B5%B7%E9%81%93%E4%B8%83%E3%81%A4%E6%98%9F%E3%82%AE%E3%83%95%E3%83%88-%E3%82%AB%E3%83%A0%E3%82%A4-%E3%82%AB%E3%82%BF%E3%83%AD%E3%82%B0%E3%82%AE%E3%83%95%E3%83%88-%E3%81%8A%E5%8F%96%E3%82%8A%E5%AF%84%E3%81%9B-%E6%95%AC%E8%80%81%E3%81%AE%E6%97%A5/dp/B0C12TGWZT/ref=sr_1_26?__mk_ja_JP=%E3%82%AB%E3%82%BF%E3%82%AB%E3%83%8A&crid=CBG42XSDGZ7D&dib=eyJ2IjoiMSJ9.tmw515G2SbB4zpZfrwUEOGqERqb67-IVClI1e-LFh46SBS_O_wt-TJWCsQPTOTx72vZna8WeozQpxV3eP8wEkt7UYaqhJeHrEC_WLr5JA0moh7wRvQOl55AcQWhFlTCFmXJ05EEAUTj4buwLHh5rog1cIHm1YImQRIgHZPHm77CgjpRaqmG7_FzfwN65oELo3Xm22G9W7_93N1PESb5biIsi-EBBYUCKal4cDKB7cxL36JuiQYCTUPyK09iv3dA-kUVsRlGxAxPA8a0PnqFAAD1CZ1dCOGSTo4MPACFPuFg.nlThz7p3MUwWWLqp_AoPnfpLHtrDutBHJcvwFFmxpoM&dib_tag=se&keywords=%E3%82%AE%E3%83%95%E3%83%88%E3%82%AB%E3%82%BF%E3%83%AD%E3%82%B0&qid=1710932675&sprefix=%E3%82%AE%E3%83%95%E3%83%88%E3%82%AB%E3%82%BF%E3%83%AD%E3%82%B0%2Caps%2C201&sr=8-26	https://m.media-amazon.com/images/I/61jKzqbfm+L._AC_SL1300_.jpg	5500	食品・スイーツ	3	1	5	1	2	3	4	1	1	2	3	1	1	3	3	1	5	4	1